{
  "resourceType" : "CodeSystem",
  "id" : "70bdab01-2301-41e5-87dc-feb16566ef22-3",
  "url" : "http://hl7.org/fhir/comparison/CodeSystem/70bdab01-2301-41e5-87dc-feb16566ef22-3",
  "name" : "IntersectionSecurityLabelCSAndSecurityLabelCS",
  "title" : "Intersection of SE CodeSystem security labels And SE CodeSystem security labels",
  "status" : "active",
  "date" : "2023-03-08T16:20:34+01:00",
  "concept" : [{
    "code" : "sekretessmarkering",
    "display" : "Sekretessmarkering",
    "definition" : "Protected demographic information according to 22 kap. 1 § OSL (Offentlighets- och sekretesslagen)"
  }]
}