{
  "resourceType" : "ValueSet",
  "id" : "70bdab01-2301-41e5-87dc-feb16566ef22-23",
  "url" : "http://hl7.org/fhir/comparison/ValueSet/70bdab01-2301-41e5-87dc-feb16566ef22-23",
  "name" : "UnionMarital Status CodesAndSEBaseMaritalStatusVS",
  "title" : "Union of MaritalStatus And SE ValueSet for marital status",
  "status" : "active",
  "date" : "2023-03-08T16:20:34+01:00",
  "compose" : {
    "include" : [{
      "system" : "http://terminology.hl7.org/CodeSystem/v3-MaritalStatus"
    },
    {
      "system" : "http://terminology.hl7.org/CodeSystem/v3-NullFlavor",
      "concept" : [{
        "code" : "UNK"
      }]
    },
    {
      "system" : "http://hl7.org/fhir/ValueSet/marital-status",
      "concept" : [{
        "code" : "M",
        "display" : "Married"
      },
      {
        "code" : "D",
        "display" : "Divorced"
      },
      {
        "code" : "W",
        "display" : "Widowed"
      },
      {
        "code" : "U",
        "display" : "unmarried"
      }]
    },
    {
      "system" : "http://hl7.se/fhir/ig/base/CodeSystem/se-base-marital-status",
      "concept" : [{
        "code" : "RP",
        "display" : "Registrerad partner"
      },
      {
        "code" : "SP",
        "display" : "Skild partner"
      },
      {
        "code" : "EP",
        "display" : "Efterlevande partner"
      }]
    }]
  }
}