{
  "resourceType" : "ValueSet",
  "id" : "70bdab01-2301-41e5-87dc-feb16566ef22-26",
  "url" : "http://hl7.org/fhir/comparison/ValueSet/70bdab01-2301-41e5-87dc-feb16566ef22-26",
  "name" : "UnionSEBaseAddressPersonVSAndSEBaseAddressPersonVS",
  "title" : "Union of SE ValueSet for official address types And SE ValueSet for official address types",
  "status" : "draft",
  "date" : "2023-03-08T16:20:34+01:00",
  "compose" : {
    "include" : [{
      "concept" : [{
        "code" : "63391000052104",
        "display" : "särskild postadress"
      },
      {
        "code" : "63381000052101",
        "display" : "folkbokföringsadress"
      },
      {
        "code" : "63401000052101",
        "display" : "utlandsadress"
      },
      {
        "code" : "63411000052104",
        "display" : "uppgiven adress"
      },
      {
        "code" : "64281000052109",
        "display" : "tillfällig postadress"
      }]
    }]
  },
  "expansion" : {
    "contains" : [{
      "system" : "http://snomed.info/sct",
      "code" : "63391000052104",
      "display" : "särskild postadress"
    },
    {
      "system" : "http://snomed.info/sct",
      "code" : "63381000052101",
      "display" : "folkbokföringsadress"
    },
    {
      "system" : "http://snomed.info/sct",
      "code" : "63401000052101",
      "display" : "utlandsadress"
    },
    {
      "system" : "http://snomed.info/sct",
      "code" : "63411000052104",
      "display" : "uppgiven adress"
    },
    {
      "system" : "http://snomed.info/sct",
      "code" : "64281000052109",
      "display" : "tillfällig postadress"
    }]
  }
}