{
  "resourceType" : "ValueSet",
  "id" : "70bdab01-2301-41e5-87dc-feb16566ef22-29",
  "url" : "http://hl7.org/fhir/comparison/ValueSet/70bdab01-2301-41e5-87dc-feb16566ef22-29",
  "name" : "UnionSEBaseNamePartQualifierVSAndSEBaseNamePartQualifierVS",
  "title" : "Union of SE ValueSet for preferred name And SE ValueSet for preferred name",
  "status" : "draft",
  "date" : "2023-03-08T16:20:35+01:00",
  "compose" : {
    "include" : [{
      "concept" : [{
        "code" : "CL",
        "display" : "Call me"
      }]
    }]
  },
  "expansion" : {
    "contains" : [{
      "system" : "http://terminology.hl7.org/CodeSystem/v3-EntityNamePartQualifierR2",
      "code" : "CL",
      "display" : "Call me"
    }]
  }
}