{
  "resourceType" : "ValueSet",
  "id" : "70bdab01-2301-41e5-87dc-feb16566ef22-33",
  "url" : "http://hl7.org/fhir/comparison/ValueSet/70bdab01-2301-41e5-87dc-feb16566ef22-33",
  "name" : "IntersectionSecurityLabelVSAndSecurityLabelVS",
  "title" : "Intersection of SE ValueSet security labels And SE ValueSet security labels",
  "status" : "draft",
  "date" : "2023-03-08T16:20:35+01:00",
  "compose" : {
    "include" : [{
      "concept" : [{
        "code" : "DEMO"
      }]
    },
    {
      "concept" : [{
        "code" : "sekretessmarkering"
      }]
    }]
  },
  "expansion" : {
    "contains" : [{
      "system" : "http://terminology.hl7.org/CodeSystem/v3-ActCode",
      "code" : "DEMO",
      "display" : "all demographic information sensitivity"
    },
    {
      "system" : "http://hl7.se/fhir/ig/base/CodeSystem/SecurityLabel",
      "code" : "sekretessmarkering",
      "display" : "Sekretessmarkering"
    }]
  }
}