{
  "resourceType" : "Bundle",
  "id" : "aa906a7c-899b-4049-89cc-7724ae2ae412",
  "meta" : {
    "lastUpdated" : "2023-03-08T16:20:30.166+01:00"
  },
  "type" : "collection",
  "entry" : [{
    "fullUrl" : "http://hl7.se/fhir/ig/base/ValueSet/SEBaseSKRYrkeSpecialtyVS",
    "resource" : {
      "resourceType" : "ValueSet",
      "id" : "SEBaseSKRYrkeSpecialtyVS",
      "text" : {
        "status" : "generated",
        "div" : "<div xmlns=\"http://www.w3.org/1999/xhtml\"><p>This value set contains 98 concepts</p><p style=\"border: black 1px dotted; background-color: #EEEEEE; padding: 8px; margin-bottom: 8px\">Expansion based on SNOMED CT Swedish edition 31-May 2021</p><table class=\"codes\"><tr><td style=\"white-space:nowrap\"><b>Code</b></td><td><b>System</b></td><td><b>Display</b></td></tr><tr><td style=\"white-space:nowrap\"><a name=\"http---snomed.info-sct-43702002\"> </a>  <a href=\"http://snomed.info/id/43702002\">43702002</a></td><td>http://snomed.info/sct</td><td>Occupational health nurse</td></tr><tr><td style=\"white-space:nowrap\"><a name=\"http---snomed.info-sct-158997000\"> </a>  <a href=\"http://snomed.info/id/158997000\">158997000</a></td><td>http://snomed.info/sct</td><td>District nurse</td></tr><tr><td style=\"white-space:nowrap\"><a name=\"http---snomed.info-sct-159003003\"> </a>  <a href=\"http://snomed.info/id/159003003\">159003003</a></td><td>http://snomed.info/sct</td><td>School nurse</td></tr><tr><td style=\"white-space:nowrap\"><a name=\"http---snomed.info-sct-224537001\"> </a>  <a href=\"http://snomed.info/id/224537001\">224537001</a></td><td>http://snomed.info/sct</td><td>Accident and Emergency nurse (occupation)</td></tr><tr><td style=\"white-space:nowrap\"><a name=\"http---snomed.info-sct-224542009\"> </a>  <a href=\"http://snomed.info/id/224542009\">224542009</a></td><td>http://snomed.info/sct</td><td>Coronary care nurse</td></tr><tr><td style=\"white-space:nowrap\"><a name=\"http---snomed.info-sct-224543004\"> </a>  <a href=\"http://snomed.info/id/224543004\">224543004</a></td><td>http://snomed.info/sct</td><td>Diabetic nurse</td></tr><tr><td style=\"white-space:nowrap\"><a name=\"http---snomed.info-sct-224545006\"> </a>  <a href=\"http://snomed.info/id/224545006\">224545006</a></td><td>http://snomed.info/sct</td><td>Care of the elderly nurse</td></tr><tr><td style=\"white-space:nowrap\"><a name=\"http---snomed.info-sct-224547003\"> </a>  <a href=\"http://snomed.info/id/224547003\">224547003</a></td><td>http://snomed.info/sct</td><td>Intensive therapy nurse</td></tr><tr><td style=\"white-space:nowrap\"><a name=\"http---snomed.info-sct-224552008\"> </a>  <a href=\"http://snomed.info/id/224552008\">224552008</a></td><td>http://snomed.info/sct</td><td>Oncology nurse</td></tr><tr><td style=\"white-space:nowrap\"><a name=\"http---snomed.info-sct-224556006\"> </a>  <a href=\"http://snomed.info/id/224556006\">224556006</a></td><td>http://snomed.info/sct</td><td>Palliative care nurse</td></tr><tr><td style=\"white-space:nowrap\"><a name=\"http---snomed.info-sct-224562001\"> </a>  <a href=\"http://snomed.info/id/224562001\">224562001</a></td><td>http://snomed.info/sct</td><td>Pediatric nurse</td></tr><tr><td style=\"white-space:nowrap\"><a name=\"http---snomed.info-sct-224563006\"> </a>  <a href=\"http://snomed.info/id/224563006\">224563006</a></td><td>http://snomed.info/sct</td><td>Psychiatric nurse</td></tr><tr><td style=\"white-space:nowrap\"><a name=\"http---snomed.info-sct-309445003\"> </a>  <a href=\"http://snomed.info/id/309445003\">309445003</a></td><td>http://snomed.info/sct</td><td>Anesthetic nurse</td></tr><tr><td style=\"white-space:nowrap\"><a name=\"http---snomed.info-sct-415075003\"> </a>  <a href=\"http://snomed.info/id/415075003\">415075003</a></td><td>http://snomed.info/sct</td><td>Perioperative nurse (occupation)</td></tr><tr><td style=\"white-space:nowrap\"><a name=\"http---snomed.info-sct-68441000052105\"> </a>  <a href=\"http://snomed.info/id/68441000052105\">68441000052105</a></td><td>http://snomed.info/sct</td><td>Specialist nurse in pre-hospital emergency care (occupation)</td></tr><tr><td style=\"white-space:nowrap\"><a name=\"http---snomed.info-sct-68451000052108\"> </a>  <a href=\"http://snomed.info/id/68451000052108\">68451000052108</a></td><td>http://snomed.info/sct</td><td>Specialist nurse in surgical care</td></tr><tr><td style=\"white-space:nowrap\"><a name=\"http---snomed.info-sct-68461000052106\"> </a>  <a href=\"http://snomed.info/id/68461000052106\">68461000052106</a></td><td>http://snomed.info/sct</td><td>Specialist nurse in internal medicine care (occupation)</td></tr><tr><td style=\"white-space:nowrap\"><a name=\"http---snomed.info-sct-68471000052102\"> </a>  <a href=\"http://snomed.info/id/68471000052102\">68471000052102</a></td><td>http://snomed.info/sct</td><td>Specialist nurse in dementia care (occupation)</td></tr><tr><td style=\"white-space:nowrap\"><a name=\"http---snomed.info-sct-68481000052100\"> </a>  <a href=\"http://snomed.info/id/68481000052100\">68481000052100</a></td><td>http://snomed.info/sct</td><td>Specialist nurse in infectious disease care (occupation)</td></tr><tr><td style=\"white-space:nowrap\"><a name=\"http---snomed.info-sct-68491000052103\"> </a>  <a href=\"http://snomed.info/id/68491000052103\">68491000052103</a></td><td>http://snomed.info/sct</td><td>Specialist nurse in internal medicine care with subspecialization in neurological care (occupation)</td></tr><tr><td style=\"white-space:nowrap\"><a name=\"http---snomed.info-sct-68501000052106\"> </a>  <a href=\"http://snomed.info/id/68501000052106\">68501000052106</a></td><td>http://snomed.info/sct</td><td>Specialist nurse in ophtalmic care (occupation)</td></tr><tr><td style=\"white-space:nowrap\"><a name=\"http---snomed.info-sct-68511000052108\"> </a>  <a href=\"http://snomed.info/id/68511000052108\">68511000052108</a></td><td>http://snomed.info/sct</td><td>Specialist nurse in orthoptic care (occupation)</td></tr><tr><td style=\"white-space:nowrap\"><a name=\"http---snomed.info-sct-8724009\"> </a>  <a href=\"http://snomed.info/id/8724009\">8724009</a></td><td>http://snomed.info/sct</td><td>Plastic surgeon</td></tr><tr><td style=\"white-space:nowrap\"><a name=\"http---snomed.info-sct-11911009\"> </a>  <a href=\"http://snomed.info/id/11911009\">11911009</a></td><td>http://snomed.info/sct</td><td>Nephrologist</td></tr><tr><td style=\"white-space:nowrap\"><a name=\"http---snomed.info-sct-11935004\"> </a>  <a href=\"http://snomed.info/id/11935004\">11935004</a></td><td>http://snomed.info/sct</td><td>Obstetrician</td></tr><tr><td style=\"white-space:nowrap\"><a name=\"http---snomed.info-sct-14698002\"> </a>  <a href=\"http://snomed.info/id/14698002\">14698002</a></td><td>http://snomed.info/sct</td><td>Medical microbiologist</td></tr><tr><td style=\"white-space:nowrap\"><a name=\"http---snomed.info-sct-17561000\"> </a>  <a href=\"http://snomed.info/id/17561000\">17561000</a></td><td>http://snomed.info/sct</td><td>Cardiologist</td></tr><tr><td style=\"white-space:nowrap\"><a name=\"http---snomed.info-sct-18803008\"> </a>  <a href=\"http://snomed.info/id/18803008\">18803008</a></td><td>http://snomed.info/sct</td><td>Dermatologist</td></tr><tr><td style=\"white-space:nowrap\"><a name=\"http---snomed.info-sct-22731001\"> </a>  <a href=\"http://snomed.info/id/22731001\">22731001</a></td><td>http://snomed.info/sct</td><td>Orthopedic surgeon</td></tr><tr><td style=\"white-space:nowrap\"><a name=\"http---snomed.info-sct-22983004\"> </a>  <a href=\"http://snomed.info/id/22983004\">22983004</a></td><td>http://snomed.info/sct</td><td>Thoracic surgeon</td></tr><tr><td style=\"white-space:nowrap\"><a name=\"http---snomed.info-sct-24590004\"> </a>  <a href=\"http://snomed.info/id/24590004\">24590004</a></td><td>http://snomed.info/sct</td><td>Urologist</td></tr><tr><td style=\"white-space:nowrap\"><a name=\"http---snomed.info-sct-28411006\"> </a>  <a href=\"http://snomed.info/id/28411006\">28411006</a></td><td>http://snomed.info/sct</td><td>Neonatologist</td></tr><tr><td style=\"white-space:nowrap\"><a name=\"http---snomed.info-sct-28544002\"> </a>  <a href=\"http://snomed.info/id/28544002\">28544002</a></td><td>http://snomed.info/sct</td><td>Medical biochemist</td></tr><tr><td style=\"white-space:nowrap\"><a name=\"http---snomed.info-sct-39677007\"> </a>  <a href=\"http://snomed.info/id/39677007\">39677007</a></td><td>http://snomed.info/sct</td><td>Internal medicine specialist</td></tr><tr><td style=\"white-space:nowrap\"><a name=\"http---snomed.info-sct-41672002\"> </a>  <a href=\"http://snomed.info/id/41672002\">41672002</a></td><td>http://snomed.info/sct</td><td>Respiratory disease specialist</td></tr><tr><td style=\"white-space:nowrap\"><a name=\"http---snomed.info-sct-45440000\"> </a>  <a href=\"http://snomed.info/id/45440000\">45440000</a></td><td>http://snomed.info/sct</td><td>Rheumatologist</td></tr><tr><td style=\"white-space:nowrap\"><a name=\"http---snomed.info-sct-45544007\"> </a>  <a href=\"http://snomed.info/id/45544007\">45544007</a></td><td>http://snomed.info/sct</td><td>Neurosurgeon</td></tr><tr><td style=\"white-space:nowrap\"><a name=\"http---snomed.info-sct-56397003\"> </a>  <a href=\"http://snomed.info/id/56397003\">56397003</a></td><td>http://snomed.info/sct</td><td>Neurologist</td></tr><tr><td style=\"white-space:nowrap\"><a name=\"http---snomed.info-sct-61207006\"> </a>  <a href=\"http://snomed.info/id/61207006\">61207006</a></td><td>http://snomed.info/sct</td><td>Medical pathologist</td></tr><tr><td style=\"white-space:nowrap\"><a name=\"http---snomed.info-sct-61894003\"> </a>  <a href=\"http://snomed.info/id/61894003\">61894003</a></td><td>http://snomed.info/sct</td><td>Endocrinologist</td></tr><tr><td style=\"white-space:nowrap\"><a name=\"http---snomed.info-sct-62247001\"> </a>  <a href=\"http://snomed.info/id/62247001\">62247001</a></td><td>http://snomed.info/sct</td><td>Family medicine specialist</td></tr><tr><td style=\"white-space:nowrap\"><a name=\"http---snomed.info-sct-66862007\"> </a>  <a href=\"http://snomed.info/id/66862007\">66862007</a></td><td>http://snomed.info/sct</td><td>Radiologist</td></tr><tr><td style=\"white-space:nowrap\"><a name=\"http---snomed.info-sct-71838004\"> </a>  <a href=\"http://snomed.info/id/71838004\">71838004</a></td><td>http://snomed.info/sct</td><td>Gastroenterologist</td></tr><tr><td style=\"white-space:nowrap\"><a name=\"http---snomed.info-sct-76899008\"> </a>  <a href=\"http://snomed.info/id/76899008\">76899008</a></td><td>http://snomed.info/sct</td><td>Infectious disease specialist</td></tr><tr><td style=\"white-space:nowrap\"><a name=\"http---snomed.info-sct-78703002\"> </a>  <a href=\"http://snomed.info/id/78703002\">78703002</a></td><td>http://snomed.info/sct</td><td>General surgeon</td></tr><tr><td style=\"white-space:nowrap\"><a name=\"http---snomed.info-sct-80584001\"> </a>  <a href=\"http://snomed.info/id/80584001\">80584001</a></td><td>http://snomed.info/sct</td><td>Psychiatrist</td></tr><tr><td style=\"white-space:nowrap\"><a name=\"http---snomed.info-sct-80933006\"> </a>  <a href=\"http://snomed.info/id/80933006\">80933006</a></td><td>http://snomed.info/sct</td><td>Nuclear medicine specialist</td></tr><tr><td style=\"white-space:nowrap\"><a name=\"http---snomed.info-sct-82296001\"> </a>  <a href=\"http://snomed.info/id/82296001\">82296001</a></td><td>http://snomed.info/sct</td><td>Pediatrician</td></tr><tr><td style=\"white-space:nowrap\"><a name=\"http---snomed.info-sct-83685006\"> </a>  <a href=\"http://snomed.info/id/83685006\">83685006</a></td><td>http://snomed.info/sct</td><td>Gynecologist</td></tr><tr><td style=\"white-space:nowrap\"><a name=\"http---snomed.info-sct-88189002\"> </a>  <a href=\"http://snomed.info/id/88189002\">88189002</a></td><td>http://snomed.info/sct</td><td>Anesthesiologist</td></tr><tr><td style=\"white-space:nowrap\"><a name=\"http---snomed.info-sct-90655003\"> </a>  <a href=\"http://snomed.info/id/90655003\">90655003</a></td><td>http://snomed.info/sct</td><td>Geriatrics specialist</td></tr><tr><td style=\"white-space:nowrap\"><a name=\"http---snomed.info-sct-309295000\"> </a>  <a href=\"http://snomed.info/id/309295000\">309295000</a></td><td>http://snomed.info/sct</td><td>Clinical oncologist</td></tr><tr><td style=\"white-space:nowrap\"><a name=\"http---snomed.info-sct-309337009\"> </a>  <a href=\"http://snomed.info/id/309337009\">309337009</a></td><td>http://snomed.info/sct</td><td>Pain management specialist</td></tr><tr><td style=\"white-space:nowrap\"><a name=\"http---snomed.info-sct-309338004\"> </a>  <a href=\"http://snomed.info/id/309338004\">309338004</a></td><td>http://snomed.info/sct</td><td>Intensive care specialist</td></tr><tr><td style=\"white-space:nowrap\"><a name=\"http---snomed.info-sct-309347007\"> </a>  <a href=\"http://snomed.info/id/309347007\">309347007</a></td><td>http://snomed.info/sct</td><td>Clinical hematologist</td></tr><tr><td style=\"white-space:nowrap\"><a name=\"http---snomed.info-sct-309348002\"> </a>  <a href=\"http://snomed.info/id/309348002\">309348002</a></td><td>http://snomed.info/sct</td><td>Clinical neurophysiologist</td></tr><tr><td style=\"white-space:nowrap\"><a name=\"http---snomed.info-sct-309349005\"> </a>  <a href=\"http://snomed.info/id/309349005\">309349005</a></td><td>http://snomed.info/sct</td><td>Clinical physiologist</td></tr><tr><td style=\"white-space:nowrap\"><a name=\"http---snomed.info-sct-309350005\"> </a>  <a href=\"http://snomed.info/id/309350005\">309350005</a></td><td>http://snomed.info/sct</td><td>Diabetologist</td></tr><tr><td style=\"white-space:nowrap\"><a name=\"http---snomed.info-sct-309355000\"> </a>  <a href=\"http://snomed.info/id/309355000\">309355000</a></td><td>http://snomed.info/sct</td><td>Clinical geneticist</td></tr><tr><td style=\"white-space:nowrap\"><a name=\"http---snomed.info-sct-309359006\"> </a>  <a href=\"http://snomed.info/id/309359006\">309359006</a></td><td>http://snomed.info/sct</td><td>Palliative care physician</td></tr><tr><td style=\"white-space:nowrap\"><a name=\"http---snomed.info-sct-309360001\"> </a>  <a href=\"http://snomed.info/id/309360001\">309360001</a></td><td>http://snomed.info/sct</td><td>Rehabilitation physician</td></tr><tr><td style=\"white-space:nowrap\"><a name=\"http---snomed.info-sct-309361002\"> </a>  <a href=\"http://snomed.info/id/309361002\">309361002</a></td><td>http://snomed.info/sct</td><td>Child and adolescent psychiatrist</td></tr><tr><td style=\"white-space:nowrap\"><a name=\"http---snomed.info-sct-309362009\"> </a>  <a href=\"http://snomed.info/id/309362009\">309362009</a></td><td>http://snomed.info/sct</td><td>Forensic psychiatrist</td></tr><tr><td style=\"white-space:nowrap\"><a name=\"http---snomed.info-sct-309364005\"> </a>  <a href=\"http://snomed.info/id/309364005\">309364005</a></td><td>http://snomed.info/sct</td><td>Psychogeriatrician</td></tr><tr><td style=\"white-space:nowrap\"><a name=\"http---snomed.info-sct-309372007\"> </a>  <a href=\"http://snomed.info/id/309372007\">309372007</a></td><td>http://snomed.info/sct</td><td>Ear, nose and throat surgeon</td></tr><tr><td style=\"white-space:nowrap\"><a name=\"http---snomed.info-sct-309380000\"> </a>  <a href=\"http://snomed.info/id/309380000\">309380000</a></td><td>http://snomed.info/sct</td><td>Hand surgeon</td></tr><tr><td style=\"white-space:nowrap\"><a name=\"http---snomed.info-sct-309383003\"> </a>  <a href=\"http://snomed.info/id/309383003\">309383003</a></td><td>http://snomed.info/sct</td><td>Pediatric surgeon</td></tr><tr><td style=\"white-space:nowrap\"><a name=\"http---snomed.info-sct-309388007\"> </a>  <a href=\"http://snomed.info/id/309388007\">309388007</a></td><td>http://snomed.info/sct</td><td>Vascular surgeon</td></tr><tr><td style=\"white-space:nowrap\"><a name=\"http---snomed.info-sct-310173006\"> </a>  <a href=\"http://snomed.info/id/310173006\">310173006</a></td><td>http://snomed.info/sct</td><td>Clinical pharmacologist</td></tr><tr><td style=\"white-space:nowrap\"><a name=\"http---snomed.info-sct-422234006\"> </a>  <a href=\"http://snomed.info/id/422234006\">422234006</a></td><td>http://snomed.info/sct</td><td>Ophthalmologist (occupation)</td></tr><tr><td style=\"white-space:nowrap\"><a name=\"http---snomed.info-sct-67801000052105\"> </a>  <a href=\"http://snomed.info/id/67801000052105\">67801000052105</a></td><td>http://snomed.info/sct</td><td>Pediatric allergist (occupation)</td></tr><tr><td style=\"white-space:nowrap\"><a name=\"http---snomed.info-sct-67811000052107\"> </a>  <a href=\"http://snomed.info/id/67811000052107\">67811000052107</a></td><td>http://snomed.info/sct</td><td>Pediatric hematology and oncology physician (occupation)</td></tr><tr><td style=\"white-space:nowrap\"><a name=\"http---snomed.info-sct-67831000052102\"> </a>  <a href=\"http://snomed.info/id/67831000052102\">67831000052102</a></td><td>http://snomed.info/sct</td><td>Pediatric neurology and habilitation physician</td></tr><tr><td style=\"white-space:nowrap\"><a name=\"http---snomed.info-sct-67841000052108\"> </a>  <a href=\"http://snomed.info/id/67841000052108\">67841000052108</a></td><td>http://snomed.info/sct</td><td>Neuroradiologist</td></tr><tr><td style=\"white-space:nowrap\"><a name=\"http---snomed.info-sct-67851000052106\"> </a>  <a href=\"http://snomed.info/id/67851000052106\">67851000052106</a></td><td>http://snomed.info/sct</td><td>Emergency physician (occupation)</td></tr><tr><td style=\"white-space:nowrap\"><a name=\"http---snomed.info-sct-67861000052109\"> </a>  <a href=\"http://snomed.info/id/67861000052109\">67861000052109</a></td><td>http://snomed.info/sct</td><td>Specialized physician in occupational and environmental medicine</td></tr><tr><td style=\"white-space:nowrap\"><a name=\"http---snomed.info-sct-67881000052103\"> </a>  <a href=\"http://snomed.info/id/67881000052103\">67881000052103</a></td><td>http://snomed.info/sct</td><td>Venereologist</td></tr><tr><td style=\"white-space:nowrap\"><a name=\"http---snomed.info-sct-67891000052101\"> </a>  <a href=\"http://snomed.info/id/67891000052101\">67891000052101</a></td><td>http://snomed.info/sct</td><td>Forensic medicine physician</td></tr><tr><td style=\"white-space:nowrap\"><a name=\"http---snomed.info-sct-67901000052100\"> </a>  <a href=\"http://snomed.info/id/67901000052100\">67901000052100</a></td><td>http://snomed.info/sct</td><td>Social medicine physician</td></tr><tr><td style=\"white-space:nowrap\"><a name=\"http---snomed.info-sct-67911000052103\"> </a>  <a href=\"http://snomed.info/id/67911000052103\">67911000052103</a></td><td>http://snomed.info/sct</td><td>Hepatologist</td></tr><tr><td style=\"white-space:nowrap\"><a name=\"http---snomed.info-sct-67921000052106\"> </a>  <a href=\"http://snomed.info/id/67921000052106\">67921000052106</a></td><td>http://snomed.info/sct</td><td>Specialized surgeon in voice and speech disorders</td></tr><tr><td style=\"white-space:nowrap\"><a name=\"http---snomed.info-sct-67931000052108\"> </a>  <a href=\"http://snomed.info/id/67931000052108\">67931000052108</a></td><td>http://snomed.info/sct</td><td>Specialized surgeon in audiovestibular medicine</td></tr><tr><td style=\"white-space:nowrap\"><a name=\"http---snomed.info-sct-67941000052102\"> </a>  <a href=\"http://snomed.info/id/67941000052102\">67941000052102</a></td><td>http://snomed.info/sct</td><td>Specialized physician in clinical immunology and transfusion medicine (occupation)</td></tr><tr><td style=\"white-space:nowrap\"><a name=\"http---snomed.info-sct-67981000052107\"> </a>  <a href=\"http://snomed.info/id/67981000052107\">67981000052107</a></td><td>http://snomed.info/sct</td><td>Allergist</td></tr><tr><td style=\"white-space:nowrap\"><a name=\"http---snomed.info-sct-68011000052101\"> </a>  <a href=\"http://snomed.info/id/68011000052101\">68011000052101</a></td><td>http://snomed.info/sct</td><td>Specialized physician occupational medicine (occupation)</td></tr><tr><td style=\"white-space:nowrap\"><a name=\"http---snomed.info-sct-68021000052109\"> </a>  <a href=\"http://snomed.info/id/68021000052109\">68021000052109</a></td><td>http://snomed.info/sct</td><td>Specialized physician in addiction medicine</td></tr><tr><td style=\"white-space:nowrap\"><a name=\"http---snomed.info-sct-68041000052100\"> </a>  <a href=\"http://snomed.info/id/68041000052100\">68041000052100</a></td><td>http://snomed.info/sct</td><td>Specialized physician in gynecologic oncology</td></tr><tr><td style=\"white-space:nowrap\"><a name=\"http---snomed.info-sct-68051000052102\"> </a>  <a href=\"http://snomed.info/id/68051000052102\">68051000052102</a></td><td>http://snomed.info/sct</td><td>Specialized physician in school health services</td></tr><tr><td style=\"white-space:nowrap\"><a name=\"http---snomed.info-sct-68061000052104\"> </a>  <a href=\"http://snomed.info/id/68061000052104\">68061000052104</a></td><td>http://snomed.info/sct</td><td>Specialized physician in infection control (occupation)</td></tr><tr><td style=\"white-space:nowrap\"><a name=\"http---snomed.info-sct-37154003\"> </a>  <a href=\"http://snomed.info/id/37154003\">37154003</a></td><td>http://snomed.info/sct</td><td>Periodontist</td></tr><tr><td style=\"white-space:nowrap\"><a name=\"http---snomed.info-sct-37504001\"> </a>  <a href=\"http://snomed.info/id/37504001\">37504001</a></td><td>http://snomed.info/sct</td><td>Orthodontist</td></tr><tr><td style=\"white-space:nowrap\"><a name=\"http---snomed.info-sct-49993003\"> </a>  <a href=\"http://snomed.info/id/49993003\">49993003</a></td><td>http://snomed.info/sct</td><td>Oral surgeon</td></tr><tr><td style=\"white-space:nowrap\"><a name=\"http---snomed.info-sct-50149000\"> </a>  <a href=\"http://snomed.info/id/50149000\">50149000</a></td><td>http://snomed.info/sct</td><td>Endodontist</td></tr><tr><td style=\"white-space:nowrap\"><a name=\"http---snomed.info-sct-68950000\"> </a>  <a href=\"http://snomed.info/id/68950000\">68950000</a></td><td>http://snomed.info/sct</td><td>Prosthodontist</td></tr><tr><td style=\"white-space:nowrap\"><a name=\"http---snomed.info-sct-90201008\"> </a>  <a href=\"http://snomed.info/id/90201008\">90201008</a></td><td>http://snomed.info/sct</td><td>Pedodontist</td></tr><tr><td style=\"white-space:nowrap\"><a name=\"http---snomed.info-sct-68141000052104\"> </a>  <a href=\"http://snomed.info/id/68141000052104\">68141000052104</a></td><td>http://snomed.info/sct</td><td>Dentist specialized in orofacial pain</td></tr><tr><td style=\"white-space:nowrap\"><a name=\"http---snomed.info-sct-68151000052101\"> </a>  <a href=\"http://snomed.info/id/68151000052101\">68151000052101</a></td><td>http://snomed.info/sct</td><td>Oral and maxillofacial radiologist (occupation)</td></tr><tr><td style=\"white-space:nowrap\"><a name=\"http---snomed.info-sct-68161000052103\"> </a>  <a href=\"http://snomed.info/id/68161000052103\">68161000052103</a></td><td>http://snomed.info/sct</td><td>Dentist specialized in orofacial medicine (occupation)</td></tr></table></div>"
      },
      "url" : "http://hl7.se/fhir/ig/base/ValueSet/SEBaseSKRYrkeSpecialtyVS",
      "version" : "1.0.0",
      "name" : "SEBaseSKRYrkeSpecialtyVS",
      "status" : "draft",
      "experimental" : true,
      "date" : "2023-03-08T16:20:30+01:00",
      "publisher" : "HL7 Sweden",
      "contact" : [{
        "name" : "HL7 Sweden",
        "telecom" : [{
          "system" : "url",
          "value" : "http://hl7.se/"
        },
        {
          "system" : "email",
          "value" : "info@hl7.se"
        }]
      }],
      "expansion" : {
        "extension" : [{
          "url" : "http://hl7.org/fhir/StructureDefinition/valueset-unclosed",
          "valueBoolean" : true
        }],
        "identifier" : "urn:uuid:73585114-3e48-4d1c-b825-3227c6582a48",
        "timestamp" : "2023-03-08T16:20:41+01:00",
        "total" : 98,
        "parameter" : [{
          "name" : "excludeNested",
          "valueBoolean" : false
        },
        {
          "name" : "limitedExpansion",
          "valueBoolean" : true
        },
        {
          "name" : "version",
          "valueUri" : "http://snomed.info/sct|http://snomed.info/sct/45991000052106/version/20210531"
        },
        {
          "name" : "excludeNested",
          "valueBoolean" : true
        }],
        "contains" : [{
          "system" : "http://snomed.info/sct",
          "code" : "43702002",
          "display" : "Occupational health nurse"
        },
        {
          "system" : "http://snomed.info/sct",
          "code" : "158997000",
          "display" : "District nurse"
        },
        {
          "system" : "http://snomed.info/sct",
          "code" : "159003003",
          "display" : "School nurse"
        },
        {
          "system" : "http://snomed.info/sct",
          "code" : "224537001",
          "display" : "Accident and Emergency nurse (occupation)"
        },
        {
          "system" : "http://snomed.info/sct",
          "code" : "224542009",
          "display" : "Coronary care nurse"
        },
        {
          "system" : "http://snomed.info/sct",
          "code" : "224543004",
          "display" : "Diabetic nurse"
        },
        {
          "system" : "http://snomed.info/sct",
          "code" : "224545006",
          "display" : "Care of the elderly nurse"
        },
        {
          "system" : "http://snomed.info/sct",
          "code" : "224547003",
          "display" : "Intensive therapy nurse"
        },
        {
          "system" : "http://snomed.info/sct",
          "code" : "224552008",
          "display" : "Oncology nurse"
        },
        {
          "system" : "http://snomed.info/sct",
          "code" : "224556006",
          "display" : "Palliative care nurse"
        },
        {
          "system" : "http://snomed.info/sct",
          "code" : "224562001",
          "display" : "Pediatric nurse"
        },
        {
          "system" : "http://snomed.info/sct",
          "code" : "224563006",
          "display" : "Psychiatric nurse"
        },
        {
          "system" : "http://snomed.info/sct",
          "code" : "309445003",
          "display" : "Anesthetic nurse"
        },
        {
          "system" : "http://snomed.info/sct",
          "code" : "415075003",
          "display" : "Perioperative nurse (occupation)"
        },
        {
          "system" : "http://snomed.info/sct",
          "code" : "68441000052105",
          "display" : "Specialist nurse in pre-hospital emergency care (occupation)"
        },
        {
          "system" : "http://snomed.info/sct",
          "code" : "68451000052108",
          "display" : "Specialist nurse in surgical care"
        },
        {
          "system" : "http://snomed.info/sct",
          "code" : "68461000052106",
          "display" : "Specialist nurse in internal medicine care (occupation)"
        },
        {
          "system" : "http://snomed.info/sct",
          "code" : "68471000052102",
          "display" : "Specialist nurse in dementia care (occupation)"
        },
        {
          "system" : "http://snomed.info/sct",
          "code" : "68481000052100",
          "display" : "Specialist nurse in infectious disease care (occupation)"
        },
        {
          "system" : "http://snomed.info/sct",
          "code" : "68491000052103",
          "display" : "Specialist nurse in internal medicine care with subspecialization in neurological care (occupation)"
        },
        {
          "system" : "http://snomed.info/sct",
          "code" : "68501000052106",
          "display" : "Specialist nurse in ophtalmic care (occupation)"
        },
        {
          "system" : "http://snomed.info/sct",
          "code" : "68511000052108",
          "display" : "Specialist nurse in orthoptic care (occupation)"
        },
        {
          "system" : "http://snomed.info/sct",
          "code" : "8724009",
          "display" : "Plastic surgeon"
        },
        {
          "system" : "http://snomed.info/sct",
          "code" : "11911009",
          "display" : "Nephrologist"
        },
        {
          "system" : "http://snomed.info/sct",
          "code" : "11935004",
          "display" : "Obstetrician"
        },
        {
          "system" : "http://snomed.info/sct",
          "code" : "14698002",
          "display" : "Medical microbiologist"
        },
        {
          "system" : "http://snomed.info/sct",
          "code" : "17561000",
          "display" : "Cardiologist"
        },
        {
          "system" : "http://snomed.info/sct",
          "code" : "18803008",
          "display" : "Dermatologist"
        },
        {
          "system" : "http://snomed.info/sct",
          "code" : "22731001",
          "display" : "Orthopedic surgeon"
        },
        {
          "system" : "http://snomed.info/sct",
          "code" : "22983004",
          "display" : "Thoracic surgeon"
        },
        {
          "system" : "http://snomed.info/sct",
          "code" : "24590004",
          "display" : "Urologist"
        },
        {
          "system" : "http://snomed.info/sct",
          "code" : "28411006",
          "display" : "Neonatologist"
        },
        {
          "system" : "http://snomed.info/sct",
          "code" : "28544002",
          "display" : "Medical biochemist"
        },
        {
          "system" : "http://snomed.info/sct",
          "code" : "39677007",
          "display" : "Internal medicine specialist"
        },
        {
          "system" : "http://snomed.info/sct",
          "code" : "41672002",
          "display" : "Respiratory disease specialist"
        },
        {
          "system" : "http://snomed.info/sct",
          "code" : "45440000",
          "display" : "Rheumatologist"
        },
        {
          "system" : "http://snomed.info/sct",
          "code" : "45544007",
          "display" : "Neurosurgeon"
        },
        {
          "system" : "http://snomed.info/sct",
          "code" : "56397003",
          "display" : "Neurologist"
        },
        {
          "system" : "http://snomed.info/sct",
          "code" : "61207006",
          "display" : "Medical pathologist"
        },
        {
          "system" : "http://snomed.info/sct",
          "code" : "61894003",
          "display" : "Endocrinologist"
        },
        {
          "system" : "http://snomed.info/sct",
          "code" : "62247001",
          "display" : "Family medicine specialist"
        },
        {
          "system" : "http://snomed.info/sct",
          "code" : "66862007",
          "display" : "Radiologist"
        },
        {
          "system" : "http://snomed.info/sct",
          "code" : "71838004",
          "display" : "Gastroenterologist"
        },
        {
          "system" : "http://snomed.info/sct",
          "code" : "76899008",
          "display" : "Infectious disease specialist"
        },
        {
          "system" : "http://snomed.info/sct",
          "code" : "78703002",
          "display" : "General surgeon"
        },
        {
          "system" : "http://snomed.info/sct",
          "code" : "80584001",
          "display" : "Psychiatrist"
        },
        {
          "system" : "http://snomed.info/sct",
          "code" : "80933006",
          "display" : "Nuclear medicine specialist"
        },
        {
          "system" : "http://snomed.info/sct",
          "code" : "82296001",
          "display" : "Pediatrician"
        },
        {
          "system" : "http://snomed.info/sct",
          "code" : "83685006",
          "display" : "Gynecologist"
        },
        {
          "system" : "http://snomed.info/sct",
          "code" : "88189002",
          "display" : "Anesthesiologist"
        },
        {
          "system" : "http://snomed.info/sct",
          "code" : "90655003",
          "display" : "Geriatrics specialist"
        },
        {
          "system" : "http://snomed.info/sct",
          "code" : "309295000",
          "display" : "Clinical oncologist"
        },
        {
          "system" : "http://snomed.info/sct",
          "code" : "309337009",
          "display" : "Pain management specialist"
        },
        {
          "system" : "http://snomed.info/sct",
          "code" : "309338004",
          "display" : "Intensive care specialist"
        },
        {
          "system" : "http://snomed.info/sct",
          "code" : "309347007",
          "display" : "Clinical hematologist"
        },
        {
          "system" : "http://snomed.info/sct",
          "code" : "309348002",
          "display" : "Clinical neurophysiologist"
        },
        {
          "system" : "http://snomed.info/sct",
          "code" : "309349005",
          "display" : "Clinical physiologist"
        },
        {
          "system" : "http://snomed.info/sct",
          "code" : "309350005",
          "display" : "Diabetologist"
        },
        {
          "system" : "http://snomed.info/sct",
          "code" : "309355000",
          "display" : "Clinical geneticist"
        },
        {
          "system" : "http://snomed.info/sct",
          "code" : "309359006",
          "display" : "Palliative care physician"
        },
        {
          "system" : "http://snomed.info/sct",
          "code" : "309360001",
          "display" : "Rehabilitation physician"
        },
        {
          "system" : "http://snomed.info/sct",
          "code" : "309361002",
          "display" : "Child and adolescent psychiatrist"
        },
        {
          "system" : "http://snomed.info/sct",
          "code" : "309362009",
          "display" : "Forensic psychiatrist"
        },
        {
          "system" : "http://snomed.info/sct",
          "code" : "309364005",
          "display" : "Psychogeriatrician"
        },
        {
          "system" : "http://snomed.info/sct",
          "code" : "309372007",
          "display" : "Ear, nose and throat surgeon"
        },
        {
          "system" : "http://snomed.info/sct",
          "code" : "309380000",
          "display" : "Hand surgeon"
        },
        {
          "system" : "http://snomed.info/sct",
          "code" : "309383003",
          "display" : "Pediatric surgeon"
        },
        {
          "system" : "http://snomed.info/sct",
          "code" : "309388007",
          "display" : "Vascular surgeon"
        },
        {
          "system" : "http://snomed.info/sct",
          "code" : "310173006",
          "display" : "Clinical pharmacologist"
        },
        {
          "system" : "http://snomed.info/sct",
          "code" : "422234006",
          "display" : "Ophthalmologist (occupation)"
        },
        {
          "system" : "http://snomed.info/sct",
          "code" : "67801000052105",
          "display" : "Pediatric allergist (occupation)"
        },
        {
          "system" : "http://snomed.info/sct",
          "code" : "67811000052107",
          "display" : "Pediatric hematology and oncology physician (occupation)"
        },
        {
          "system" : "http://snomed.info/sct",
          "code" : "67831000052102",
          "display" : "Pediatric neurology and habilitation physician"
        },
        {
          "system" : "http://snomed.info/sct",
          "code" : "67841000052108",
          "display" : "Neuroradiologist"
        },
        {
          "system" : "http://snomed.info/sct",
          "code" : "67851000052106",
          "display" : "Emergency physician (occupation)"
        },
        {
          "system" : "http://snomed.info/sct",
          "code" : "67861000052109",
          "display" : "Specialized physician in occupational and environmental medicine"
        },
        {
          "system" : "http://snomed.info/sct",
          "code" : "67881000052103",
          "display" : "Venereologist"
        },
        {
          "system" : "http://snomed.info/sct",
          "code" : "67891000052101",
          "display" : "Forensic medicine physician"
        },
        {
          "system" : "http://snomed.info/sct",
          "code" : "67901000052100",
          "display" : "Social medicine physician"
        },
        {
          "system" : "http://snomed.info/sct",
          "code" : "67911000052103",
          "display" : "Hepatologist"
        },
        {
          "system" : "http://snomed.info/sct",
          "code" : "67921000052106",
          "display" : "Specialized surgeon in voice and speech disorders"
        },
        {
          "system" : "http://snomed.info/sct",
          "code" : "67931000052108",
          "display" : "Specialized surgeon in audiovestibular medicine"
        },
        {
          "system" : "http://snomed.info/sct",
          "code" : "67941000052102",
          "display" : "Specialized physician in clinical immunology and transfusion medicine (occupation)"
        },
        {
          "system" : "http://snomed.info/sct",
          "code" : "67981000052107",
          "display" : "Allergist"
        },
        {
          "system" : "http://snomed.info/sct",
          "code" : "68011000052101",
          "display" : "Specialized physician occupational medicine (occupation)"
        },
        {
          "system" : "http://snomed.info/sct",
          "code" : "68021000052109",
          "display" : "Specialized physician in addiction medicine"
        },
        {
          "system" : "http://snomed.info/sct",
          "code" : "68041000052100",
          "display" : "Specialized physician in gynecologic oncology"
        },
        {
          "system" : "http://snomed.info/sct",
          "code" : "68051000052102",
          "display" : "Specialized physician in school health services"
        },
        {
          "system" : "http://snomed.info/sct",
          "code" : "68061000052104",
          "display" : "Specialized physician in infection control (occupation)"
        },
        {
          "system" : "http://snomed.info/sct",
          "code" : "37154003",
          "display" : "Periodontist"
        },
        {
          "system" : "http://snomed.info/sct",
          "code" : "37504001",
          "display" : "Orthodontist"
        },
        {
          "system" : "http://snomed.info/sct",
          "code" : "49993003",
          "display" : "Oral surgeon"
        },
        {
          "system" : "http://snomed.info/sct",
          "code" : "50149000",
          "display" : "Endodontist"
        },
        {
          "system" : "http://snomed.info/sct",
          "code" : "68950000",
          "display" : "Prosthodontist"
        },
        {
          "system" : "http://snomed.info/sct",
          "code" : "90201008",
          "display" : "Pedodontist"
        },
        {
          "system" : "http://snomed.info/sct",
          "code" : "68141000052104",
          "display" : "Dentist specialized in orofacial pain"
        },
        {
          "system" : "http://snomed.info/sct",
          "code" : "68151000052101",
          "display" : "Oral and maxillofacial radiologist (occupation)"
        },
        {
          "system" : "http://snomed.info/sct",
          "code" : "68161000052103",
          "display" : "Dentist specialized in orofacial medicine (occupation)"
        }]
      }
    }
  },
  {
    "fullUrl" : "http://hl7.se/fhir/ig/base/ValueSet/SecurityLabelVS",
    "resource" : {
      "resourceType" : "ValueSet",
      "id" : "SecurityLabelVS",
      "text" : {
        "status" : "generated",
        "div" : "<div xmlns=\"http://www.w3.org/1999/xhtml\"><p>This value set contains 3 concepts</p><div style=\"border: black 1px dotted; background-color: #EEEEEE; padding: 8px; margin-bottom: 8px\"><p>Expansion based on: </p><ul><li><a href=\"CodeSystem-SecurityLabel.html\">SE CodeSystem security labels v1.0.0 (CodeSystem)</a></li><li><a href=\"http://terminology.hl7.org/5.0.0/CodeSystem-v3-ActCode.html\">ActCode v7.0.0 (CodeSystem)</a></li></ul></div><table class=\"codes\"><tr><td style=\"white-space:nowrap\"><b>Code</b></td><td><b>System</b></td><td><b>Display</b></td><td><b>Definition</b></td></tr><tr><td style=\"white-space:nowrap\"><a name=\"http---terminology.hl7.org-CodeSystem-v3-ActCode-DEMO\"> </a>  <a href=\"http://terminology.hl7.org/5.0.0/CodeSystem-v3-ActCode.html#v3-ActCode-DEMO\">DEMO</a></td><td>http://terminology.hl7.org/CodeSystem/v3-ActCode</td><td>all demographic information sensitivity</td><td><div><p>Policy for handling all demographic information about an information subject, which will be afforded heightened confidentiality. Policies may govern sensitivity of information related to all demographic about an information subject, the disclosure of which could impact the privacy, well-being, or safety of that subject.</p>\n<p><em>Usage Note:</em> If there is a jurisdictional mandate, then use the applicable ActPrivacyLaw code system, and specify the law rather than or in addition to this more generic code.</p>\n</div></td></tr><tr><td style=\"white-space:nowrap\"><a name=\"http---hl7.se-fhir-ig-base-CodeSystem-SecurityLabel-sekretessmarkering\"> </a>  <a href=\"CodeSystem-SecurityLabel.html#SecurityLabel-sekretessmarkering\">sekretessmarkering</a></td><td>http://hl7.se/fhir/ig/base/CodeSystem/SecurityLabel</td><td>Sekretessmarkering</td><td><div><p>Protected demographic information according to 22 kap. 1 § OSL (Offentlighets- och sekretesslagen)</p>\n</div></td></tr><tr><td style=\"white-space:nowrap\"><a name=\"http---hl7.se-fhir-ig-base-CodeSystem-SecurityLabel-skyddadFolkbokforing\"> </a>  <a href=\"CodeSystem-SecurityLabel.html#SecurityLabel-skyddadFolkbokforing\">skyddadFolkbokforing</a></td><td>http://hl7.se/fhir/ig/base/CodeSystem/SecurityLabel</td><td>Skyddad folkbokföring</td><td><div><p>Protected demographic information according to Skatteverket</p>\n</div></td></tr></table></div>"
      },
      "url" : "http://hl7.se/fhir/ig/base/ValueSet/SecurityLabelVS",
      "version" : "1.0.0",
      "name" : "SecurityLabelVS",
      "title" : "SE ValueSet security labels",
      "status" : "draft",
      "experimental" : true,
      "date" : "2023-03-08T16:20:30+01:00",
      "publisher" : "HL7 Sweden",
      "contact" : [{
        "name" : "HL7 Sweden",
        "telecom" : [{
          "system" : "url",
          "value" : "http://hl7.se/"
        },
        {
          "system" : "email",
          "value" : "info@hl7.se"
        }]
      }],
      "description" : "This is the ValueSet for security labels in accordance with the swedish authorities",
      "expansion" : {
        "identifier" : "urn:uuid:a0720d35-de14-457a-bfbb-a34fe2950e3a",
        "timestamp" : "2023-03-08T16:20:42+01:00",
        "total" : 3,
        "parameter" : [{
          "name" : "excludeNested",
          "valueBoolean" : false
        },
        {
          "name" : "version",
          "valueUri" : "http://terminology.hl7.org/CodeSystem/v3-ActCode|7.0.0"
        },
        {
          "name" : "version",
          "valueUri" : "http://hl7.se/fhir/ig/base/CodeSystem/SecurityLabel|1.0.0"
        }],
        "contains" : [{
          "system" : "http://terminology.hl7.org/CodeSystem/v3-ActCode",
          "code" : "DEMO",
          "display" : "all demographic information sensitivity"
        },
        {
          "system" : "http://hl7.se/fhir/ig/base/CodeSystem/SecurityLabel",
          "code" : "sekretessmarkering",
          "display" : "Sekretessmarkering"
        },
        {
          "system" : "http://hl7.se/fhir/ig/base/CodeSystem/SecurityLabel",
          "code" : "skyddadFolkbokforing",
          "display" : "Skyddad folkbokföring"
        }]
      }
    }
  },
  {
    "fullUrl" : "http://hl7.se/fhir/ig/base/ValueSet/SEBaseAddressPersonVS",
    "resource" : {
      "resourceType" : "ValueSet",
      "id" : "SEBaseAddressPersonVS",
      "text" : {
        "status" : "generated",
        "div" : "<div xmlns=\"http://www.w3.org/1999/xhtml\"><p>This value set contains 4 concepts</p><p style=\"border: black 1px dotted; background-color: #EEEEEE; padding: 8px; margin-bottom: 8px\">Expansion based on SNOMED CT Swedish edition 31-May 2021</p><table class=\"codes\"><tr><td style=\"white-space:nowrap\"><b>Code</b></td><td><b>System</b></td><td><b>Display</b></td></tr><tr><td style=\"white-space:nowrap\"><a name=\"http---snomed.info-sct-63391000052104\"> </a>  <a href=\"http://snomed.info/id/63391000052104\">63391000052104</a></td><td>http://snomed.info/sct</td><td>särskild postadress</td></tr><tr><td style=\"white-space:nowrap\"><a name=\"http---snomed.info-sct-63381000052101\"> </a>  <a href=\"http://snomed.info/id/63381000052101\">63381000052101</a></td><td>http://snomed.info/sct</td><td>folkbokföringsadress</td></tr><tr><td style=\"white-space:nowrap\"><a name=\"http---snomed.info-sct-63401000052101\"> </a>  <a href=\"http://snomed.info/id/63401000052101\">63401000052101</a></td><td>http://snomed.info/sct</td><td>utlandsadress</td></tr><tr><td style=\"white-space:nowrap\"><a name=\"http---snomed.info-sct-63411000052104\"> </a>  <a href=\"http://snomed.info/id/63411000052104\">63411000052104</a></td><td>http://snomed.info/sct</td><td>uppgiven adress</td></tr></table></div>"
      },
      "url" : "http://hl7.se/fhir/ig/base/ValueSet/SEBaseAddressPersonVS",
      "version" : "1.0.0",
      "name" : "SEBaseAddressPersonVS",
      "title" : "SE ValueSet for official address types",
      "status" : "draft",
      "experimental" : true,
      "date" : "2023-03-08T16:20:30+01:00",
      "publisher" : "HL7 Sweden",
      "contact" : [{
        "name" : "HL7 Sweden",
        "telecom" : [{
          "system" : "url",
          "value" : "http://hl7.se/"
        },
        {
          "system" : "email",
          "value" : "info@hl7.se"
        }]
      }],
      "description" : "This is the ValueSet for address type in accordance with the Swedish authorities",
      "expansion" : {
        "identifier" : "urn:uuid:8084ecaa-d76e-427c-a106-5c518fa94fe6",
        "timestamp" : "2023-03-08T16:20:43+01:00",
        "total" : 4,
        "parameter" : [{
          "name" : "excludeNested",
          "valueBoolean" : false
        },
        {
          "name" : "limitedExpansion",
          "valueBoolean" : true
        },
        {
          "name" : "version",
          "valueUri" : "http://snomed.info/sct|http://snomed.info/sct/45991000052106/version/20210531"
        }],
        "contains" : [{
          "system" : "http://snomed.info/sct",
          "code" : "63391000052104",
          "display" : "särskild postadress"
        },
        {
          "system" : "http://snomed.info/sct",
          "code" : "63381000052101",
          "display" : "folkbokföringsadress"
        },
        {
          "system" : "http://snomed.info/sct",
          "code" : "63401000052101",
          "display" : "utlandsadress"
        },
        {
          "system" : "http://snomed.info/sct",
          "code" : "63411000052104",
          "display" : "uppgiven adress"
        }]
      }
    }
  },
  {
    "fullUrl" : "http://hl7.se/fhir/ig/base/ValueSet/SEBaseNamePartQualifierVS",
    "resource" : {
      "resourceType" : "ValueSet",
      "id" : "SEBaseNamePartQualifierVS",
      "text" : {
        "status" : "generated",
        "div" : "<div xmlns=\"http://www.w3.org/1999/xhtml\"><p>This value set contains 1 concepts</p><p style=\"border: black 1px dotted; background-color: #EEEEEE; padding: 8px; margin-bottom: 8px\">Expansion based on <a href=\"http://terminology.hl7.org/5.0.0/CodeSystem-v3-EntityNamePartQualifierR2.html\">EntityNamePartQualifierR2 v2.1.0 (CodeSystem)</a></p><table class=\"codes\"><tr><td style=\"white-space:nowrap\"><b>Code</b></td><td><b>System</b></td><td><b>Display</b></td><td><b>Definition</b></td></tr><tr><td style=\"white-space:nowrap\"><a name=\"http---terminology.hl7.org-CodeSystem-v3-EntityNamePartQualifierR2-CL\"> </a>  <a href=\"http://terminology.hl7.org/5.0.0/CodeSystem-v3-EntityNamePartQualifierR2.html#v3-EntityNamePartQualifierR2-CL\">CL</a></td><td>http://terminology.hl7.org/CodeSystem/v3-EntityNamePartQualifierR2</td><td>Call me</td><td><div><p>**Description:**Used to indicate which of the various name parts is used when interacting with the person.</p>\n</div></td></tr></table></div>"
      },
      "url" : "http://hl7.se/fhir/ig/base/ValueSet/SEBaseNamePartQualifierVS",
      "version" : "1.0.0",
      "name" : "SEBaseNamePartQualifierVS",
      "title" : "SE ValueSet for preferred name",
      "status" : "draft",
      "experimental" : true,
      "date" : "2023-03-08T16:20:30+01:00",
      "publisher" : "HL7 Sweden",
      "contact" : [{
        "name" : "HL7 Sweden",
        "telecom" : [{
          "system" : "url",
          "value" : "http://hl7.se/"
        },
        {
          "system" : "email",
          "value" : "info@hl7.se"
        }]
      }],
      "description" : "This is the ValueSet for a code used on the name that is the preferred name. I.e, the name that is the official name the person would like to be called by according to the national person registry",
      "expansion" : {
        "identifier" : "urn:uuid:4cca2e3a-5ca2-4158-a924-b4a136011f8e",
        "timestamp" : "2023-03-08T16:20:44+01:00",
        "total" : 1,
        "parameter" : [{
          "name" : "excludeNested",
          "valueBoolean" : false
        },
        {
          "name" : "version",
          "valueUri" : "http://terminology.hl7.org/CodeSystem/v3-EntityNamePartQualifierR2|2.1.0"
        }],
        "contains" : [{
          "system" : "http://terminology.hl7.org/CodeSystem/v3-EntityNamePartQualifierR2",
          "code" : "CL",
          "display" : "Call me"
        }]
      }
    }
  },
  {
    "fullUrl" : "http://hl7.se/fhir/ig/base/ValueSet/SEBaseSKRYrkeVS",
    "resource" : {
      "resourceType" : "ValueSet",
      "id" : "SEBaseSKRYrkeVS",
      "text" : {
        "status" : "generated",
        "div" : "<div xmlns=\"http://www.w3.org/1999/xhtml\"><p>This value set contains 83 concepts</p><p style=\"border: black 1px dotted; background-color: #EEEEEE; padding: 8px; margin-bottom: 8px\">Expansion based on SNOMED CT Swedish edition 31-May 2021</p><table class=\"codes\"><tr><td style=\"white-space:nowrap\"><b>Code</b></td><td><b>System</b></td><td><b>Display</b></td></tr><tr><td style=\"white-space:nowrap\"><a name=\"http---snomed.info-sct-3842006\"> </a>  <a href=\"http://snomed.info/id/3842006\">3842006</a></td><td>http://snomed.info/sct</td><td>Chiropractor</td></tr><tr><td style=\"white-space:nowrap\"><a name=\"http---snomed.info-sct-26042002\"> </a>  <a href=\"http://snomed.info/id/26042002\">26042002</a></td><td>http://snomed.info/sct</td><td>Dental hygienist</td></tr><tr><td style=\"white-space:nowrap\"><a name=\"http---snomed.info-sct-28229004\"> </a>  <a href=\"http://snomed.info/id/28229004\">28229004</a></td><td>http://snomed.info/sct</td><td>Optometrist</td></tr><tr><td style=\"white-space:nowrap\"><a name=\"http---snomed.info-sct-36682004\"> </a>  <a href=\"http://snomed.info/id/36682004\">36682004</a></td><td>http://snomed.info/sct</td><td>Physiotherapist</td></tr><tr><td style=\"white-space:nowrap\"><a name=\"http---snomed.info-sct-46255001\"> </a>  <a href=\"http://snomed.info/id/46255001\">46255001</a></td><td>http://snomed.info/sct</td><td>Pharmacist</td></tr><tr><td style=\"white-space:nowrap\"><a name=\"http---snomed.info-sct-59944000\"> </a>  <a href=\"http://snomed.info/id/59944000\">59944000</a></td><td>http://snomed.info/sct</td><td>Psychologist</td></tr><tr><td style=\"white-space:nowrap\"><a name=\"http---snomed.info-sct-80546007\"> </a>  <a href=\"http://snomed.info/id/80546007\">80546007</a></td><td>http://snomed.info/sct</td><td>Occupational therapist</td></tr><tr><td style=\"white-space:nowrap\"><a name=\"http---snomed.info-sct-106289002\"> </a>  <a href=\"http://snomed.info/id/106289002\">106289002</a></td><td>http://snomed.info/sct</td><td>Dentist</td></tr><tr><td style=\"white-space:nowrap\"><a name=\"http---snomed.info-sct-106292003\"> </a>  <a href=\"http://snomed.info/id/106292003\">106292003</a></td><td>http://snomed.info/sct</td><td>Professional nurse</td></tr><tr><td style=\"white-space:nowrap\"><a name=\"http---snomed.info-sct-158950001\"> </a>  <a href=\"http://snomed.info/id/158950001\">158950001</a></td><td>http://snomed.info/sct</td><td>Medical social worker</td></tr><tr><td style=\"white-space:nowrap\"><a name=\"http---snomed.info-sct-159017007\"> </a>  <a href=\"http://snomed.info/id/159017007\">159017007</a></td><td>http://snomed.info/sct</td><td>Diagnostic radiographer</td></tr><tr><td style=\"white-space:nowrap\"><a name=\"http---snomed.info-sct-159026005\"> </a>  <a href=\"http://snomed.info/id/159026005\">159026005</a></td><td>http://snomed.info/sct</td><td>Speech and language therapist</td></tr><tr><td style=\"white-space:nowrap\"><a name=\"http---snomed.info-sct-159033005\"> </a>  <a href=\"http://snomed.info/id/159033005\">159033005</a></td><td>http://snomed.info/sct</td><td>Dietician</td></tr><tr><td style=\"white-space:nowrap\"><a name=\"http---snomed.info-sct-159155000\"> </a>  <a href=\"http://snomed.info/id/159155000\">159155000</a></td><td>http://snomed.info/sct</td><td>Hospital physicist</td></tr><tr><td style=\"white-space:nowrap\"><a name=\"http---snomed.info-sct-224588003\"> </a>  <a href=\"http://snomed.info/id/224588003\">224588003</a></td><td>http://snomed.info/sct</td><td>Psychotherapist</td></tr><tr><td style=\"white-space:nowrap\"><a name=\"http---snomed.info-sct-309418004\"> </a>  <a href=\"http://snomed.info/id/309418004\">309418004</a></td><td>http://snomed.info/sct</td><td>Audiologist</td></tr><tr><td style=\"white-space:nowrap\"><a name=\"http---snomed.info-sct-309428008\"> </a>  <a href=\"http://snomed.info/id/309428008\">309428008</a></td><td>http://snomed.info/sct</td><td>Orthotist</td></tr><tr><td style=\"white-space:nowrap\"><a name=\"http---snomed.info-sct-309453006\"> </a>  <a href=\"http://snomed.info/id/309453006\">309453006</a></td><td>http://snomed.info/sct</td><td>Registered midwife</td></tr><tr><td style=\"white-space:nowrap\"><a name=\"http---snomed.info-sct-386626000\"> </a>  <a href=\"http://snomed.info/id/386626000\">386626000</a></td><td>http://snomed.info/sct</td><td>Medical technologist (occupation)</td></tr><tr><td style=\"white-space:nowrap\"><a name=\"http---snomed.info-sct-68081000052105\"> </a>  <a href=\"http://snomed.info/id/68081000052105\">68081000052105</a></td><td>http://snomed.info/sct</td><td>Licensed medical practitioner (occupation)</td></tr><tr><td style=\"white-space:nowrap\"><a name=\"http---snomed.info-sct-68171000052107\"> </a>  <a href=\"http://snomed.info/id/68171000052107\">68171000052107</a></td><td>http://snomed.info/sct</td><td>Naprapath (occupation)</td></tr><tr><td style=\"white-space:nowrap\"><a name=\"http---snomed.info-sct-68201000052108\"> </a>  <a href=\"http://snomed.info/id/68201000052108\">68201000052108</a></td><td>http://snomed.info/sct</td><td>Prescriptionist</td></tr><tr><td style=\"white-space:nowrap\"><a name=\"http---snomed.info-sct-4162009\"> </a>  <a href=\"http://snomed.info/id/4162009\">4162009</a></td><td>http://snomed.info/sct</td><td>Dental assistant</td></tr><tr><td style=\"white-space:nowrap\"><a name=\"http---snomed.info-sct-40570005\"> </a>  <a href=\"http://snomed.info/id/40570005\">40570005</a></td><td>http://snomed.info/sct</td><td>Interpreter</td></tr><tr><td style=\"white-space:nowrap\"><a name=\"http---snomed.info-sct-59169001\"> </a>  <a href=\"http://snomed.info/id/59169001\">59169001</a></td><td>http://snomed.info/sct</td><td>Orthopedic technician</td></tr><tr><td style=\"white-space:nowrap\"><a name=\"http---snomed.info-sct-106308006\"> </a>  <a href=\"http://snomed.info/id/106308006\">106308006</a></td><td>http://snomed.info/sct</td><td>Pre-primary education teacher</td></tr><tr><td style=\"white-space:nowrap\"><a name=\"http---snomed.info-sct-106309003\"> </a>  <a href=\"http://snomed.info/id/106309003\">106309003</a></td><td>http://snomed.info/sct</td><td>Special education teacher</td></tr><tr><td style=\"white-space:nowrap\"><a name=\"http---snomed.info-sct-159005005\"> </a>  <a href=\"http://snomed.info/id/159005005\">159005005</a></td><td>http://snomed.info/sct</td><td>Student nurse</td></tr><tr><td style=\"white-space:nowrap\"><a name=\"http---snomed.info-sct-159034004\"> </a>  <a href=\"http://snomed.info/id/159034004\">159034004</a></td><td>http://snomed.info/sct</td><td>Podiatrist</td></tr><tr><td style=\"white-space:nowrap\"><a name=\"http---snomed.info-sct-159039009\"> </a>  <a href=\"http://snomed.info/id/159039009\">159039009</a></td><td>http://snomed.info/sct</td><td>AT - Audiology technician</td></tr><tr><td style=\"white-space:nowrap\"><a name=\"http---snomed.info-sct-159282002\"> </a>  <a href=\"http://snomed.info/id/159282002\">159282002</a></td><td>http://snomed.info/sct</td><td>Laboratory technician</td></tr><tr><td style=\"white-space:nowrap\"><a name=\"http---snomed.info-sct-160008000\"> </a>  <a href=\"http://snomed.info/id/160008000\">160008000</a></td><td>http://snomed.info/sct</td><td>Dental technician</td></tr><tr><td style=\"white-space:nowrap\"><a name=\"http---snomed.info-sct-184152007\"> </a>  <a href=\"http://snomed.info/id/184152007\">184152007</a></td><td>http://snomed.info/sct</td><td>Care assistant</td></tr><tr><td style=\"white-space:nowrap\"><a name=\"http---snomed.info-sct-224577009\"> </a>  <a href=\"http://snomed.info/id/224577009\">224577009</a></td><td>http://snomed.info/sct</td><td>HCA - Healthcare assistant</td></tr><tr><td style=\"white-space:nowrap\"><a name=\"http---snomed.info-sct-224587008\"> </a>  <a href=\"http://snomed.info/id/224587008\">224587008</a></td><td>http://snomed.info/sct</td><td>Occupational therapy helper</td></tr><tr><td style=\"white-space:nowrap\"><a name=\"http---snomed.info-sct-224590002\"> </a>  <a href=\"http://snomed.info/id/224590002\">224590002</a></td><td>http://snomed.info/sct</td><td>Play therapist</td></tr><tr><td style=\"white-space:nowrap\"><a name=\"http---snomed.info-sct-307984008\"> </a>  <a href=\"http://snomed.info/id/307984008\">307984008</a></td><td>http://snomed.info/sct</td><td>Education social worker</td></tr><tr><td style=\"white-space:nowrap\"><a name=\"http---snomed.info-sct-309404006\"> </a>  <a href=\"http://snomed.info/id/309404006\">309404006</a></td><td>http://snomed.info/sct</td><td>Physiotherapy helper</td></tr><tr><td style=\"white-space:nowrap\"><a name=\"http---snomed.info-sct-309411005\"> </a>  <a href=\"http://snomed.info/id/309411005\">309411005</a></td><td>http://snomed.info/sct</td><td>Dance therapist</td></tr><tr><td style=\"white-space:nowrap\"><a name=\"http---snomed.info-sct-309412003\"> </a>  <a href=\"http://snomed.info/id/309412003\">309412003</a></td><td>http://snomed.info/sct</td><td>Music therapist</td></tr><tr><td style=\"white-space:nowrap\"><a name=\"http---snomed.info-sct-309454000\"> </a>  <a href=\"http://snomed.info/id/309454000\">309454000</a></td><td>http://snomed.info/sct</td><td>Student midwife</td></tr><tr><td style=\"white-space:nowrap\"><a name=\"http---snomed.info-sct-310194009\"> </a>  <a href=\"http://snomed.info/id/310194009\">310194009</a></td><td>http://snomed.info/sct</td><td>Appliance officer</td></tr><tr><td style=\"white-space:nowrap\"><a name=\"http---snomed.info-sct-394572006\"> </a>  <a href=\"http://snomed.info/id/394572006\">394572006</a></td><td>http://snomed.info/sct</td><td>Medical secretary (occupation)</td></tr><tr><td style=\"white-space:nowrap\"><a name=\"http---snomed.info-sct-397897005\"> </a>  <a href=\"http://snomed.info/id/397897005\">397897005</a></td><td>http://snomed.info/sct</td><td>Paramedic (occupation)</td></tr><tr><td style=\"white-space:nowrap\"><a name=\"http---snomed.info-sct-398130009\"> </a>  <a href=\"http://snomed.info/id/398130009\">398130009</a></td><td>http://snomed.info/sct</td><td>Medical student (occupation)</td></tr><tr><td style=\"white-space:nowrap\"><a name=\"http---snomed.info-sct-409974004\"> </a>  <a href=\"http://snomed.info/id/409974004\">409974004</a></td><td>http://snomed.info/sct</td><td>Health educator (occupation)</td></tr><tr><td style=\"white-space:nowrap\"><a name=\"http---snomed.info-sct-721942007\"> </a>  <a href=\"http://snomed.info/id/721942007\">721942007</a></td><td>http://snomed.info/sct</td><td>Cardiovascular perfusionist (occupation)</td></tr><tr><td style=\"white-space:nowrap\"><a name=\"http---snomed.info-sct-768822006\"> </a>  <a href=\"http://snomed.info/id/768822006\">768822006</a></td><td>http://snomed.info/sct</td><td>Rehabilitation coordinator</td></tr><tr><td style=\"white-space:nowrap\"><a name=\"http---snomed.info-sct-67951000052104\"> </a>  <a href=\"http://snomed.info/id/67951000052104\">67951000052104</a></td><td>http://snomed.info/sct</td><td>Occupational therapy student</td></tr><tr><td style=\"white-space:nowrap\"><a name=\"http---snomed.info-sct-67961000052101\"> </a>  <a href=\"http://snomed.info/id/67961000052101\">67961000052101</a></td><td>http://snomed.info/sct</td><td>Audiology student (occupation)</td></tr><tr><td style=\"white-space:nowrap\"><a name=\"http---snomed.info-sct-67971000052105\"> </a>  <a href=\"http://snomed.info/id/67971000052105\">67971000052105</a></td><td>http://snomed.info/sct</td><td>Dietetics student</td></tr><tr><td style=\"white-space:nowrap\"><a name=\"http---snomed.info-sct-67991000052109\"> </a>  <a href=\"http://snomed.info/id/67991000052109\">67991000052109</a></td><td>http://snomed.info/sct</td><td>Pharmacy student</td></tr><tr><td style=\"white-space:nowrap\"><a name=\"http---snomed.info-sct-68001000052103\"> </a>  <a href=\"http://snomed.info/id/68001000052103\">68001000052103</a></td><td>http://snomed.info/sct</td><td>Student physical therapist</td></tr><tr><td style=\"white-space:nowrap\"><a name=\"http---snomed.info-sct-68031000052106\"> </a>  <a href=\"http://snomed.info/id/68031000052106\">68031000052106</a></td><td>http://snomed.info/sct</td><td>Student medical social worker</td></tr><tr><td style=\"white-space:nowrap\"><a name=\"http---snomed.info-sct-68091000052107\"> </a>  <a href=\"http://snomed.info/id/68091000052107\">68091000052107</a></td><td>http://snomed.info/sct</td><td>Speech and language pathology student</td></tr><tr><td style=\"white-space:nowrap\"><a name=\"http---snomed.info-sct-68101000052102\"> </a>  <a href=\"http://snomed.info/id/68101000052102\">68101000052102</a></td><td>http://snomed.info/sct</td><td>Student psychologist (occupation)</td></tr><tr><td style=\"white-space:nowrap\"><a name=\"http---snomed.info-sct-68111000052100\"> </a>  <a href=\"http://snomed.info/id/68111000052100\">68111000052100</a></td><td>http://snomed.info/sct</td><td>Psychiatric care orderly trainee (occupation)</td></tr><tr><td style=\"white-space:nowrap\"><a name=\"http---snomed.info-sct-68131000052105\"> </a>  <a href=\"http://snomed.info/id/68131000052105\">68131000052105</a></td><td>http://snomed.info/sct</td><td>Healthcare assistant student (occupation)</td></tr><tr><td style=\"white-space:nowrap\"><a name=\"http---snomed.info-sct-68181000052109\"> </a>  <a href=\"http://snomed.info/id/68181000052109\">68181000052109</a></td><td>http://snomed.info/sct</td><td>Intern psychologist (occupation)</td></tr><tr><td style=\"white-space:nowrap\"><a name=\"http---snomed.info-sct-68211000052105\"> </a>  <a href=\"http://snomed.info/id/68211000052105\">68211000052105</a></td><td>http://snomed.info/sct</td><td>Pharmacist and/or prescriptionist (occupation)</td></tr><tr><td style=\"white-space:nowrap\"><a name=\"http---snomed.info-sct-68221000052102\"> </a>  <a href=\"http://snomed.info/id/68221000052102\">68221000052102</a></td><td>http://snomed.info/sct</td><td>Pelvic floor health professional</td></tr><tr><td style=\"white-space:nowrap\"><a name=\"http---snomed.info-sct-68231000052100\"> </a>  <a href=\"http://snomed.info/id/68231000052100\">68231000052100</a></td><td>http://snomed.info/sct</td><td>Pediatric health assistant (occupation)</td></tr><tr><td style=\"white-space:nowrap\"><a name=\"http---snomed.info-sct-68241000052106\"> </a>  <a href=\"http://snomed.info/id/68241000052106\">68241000052106</a></td><td>http://snomed.info/sct</td><td>Psychiatric care orderly</td></tr><tr><td style=\"white-space:nowrap\"><a name=\"http---snomed.info-sct-68251000052109\"> </a>  <a href=\"http://snomed.info/id/68251000052109\">68251000052109</a></td><td>http://snomed.info/sct</td><td>Peer support worker</td></tr><tr><td style=\"white-space:nowrap\"><a name=\"http---snomed.info-sct-68261000052107\"> </a>  <a href=\"http://snomed.info/id/68261000052107\">68261000052107</a></td><td>http://snomed.info/sct</td><td>Art therapist (occupation)</td></tr><tr><td style=\"white-space:nowrap\"><a name=\"http---snomed.info-sct-68271000052103\"> </a>  <a href=\"http://snomed.info/id/68271000052103\">68271000052103</a></td><td>http://snomed.info/sct</td><td>Rehabilitation assistant (occupation)</td></tr><tr><td style=\"white-space:nowrap\"><a name=\"http---snomed.info-sct-68301000052100\"> </a>  <a href=\"http://snomed.info/id/68301000052100\">68301000052100</a></td><td>http://snomed.info/sct</td><td>Habilitation assistant</td></tr><tr><td style=\"white-space:nowrap\"><a name=\"http---snomed.info-sct-68311000052103\"> </a>  <a href=\"http://snomed.info/id/68311000052103\">68311000052103</a></td><td>http://snomed.info/sct</td><td>Social welfare and/or guidance officer (occupation)</td></tr><tr><td style=\"white-space:nowrap\"><a name=\"http---snomed.info-sct-68321000052106\"> </a>  <a href=\"http://snomed.info/id/68321000052106\">68321000052106</a></td><td>http://snomed.info/sct</td><td>Sign language teacher</td></tr><tr><td style=\"white-space:nowrap\"><a name=\"http---snomed.info-sct-68331000052108\"> </a>  <a href=\"http://snomed.info/id/68331000052108\">68331000052108</a></td><td>http://snomed.info/sct</td><td>Sign supported speech teacher (occupation)</td></tr><tr><td style=\"white-space:nowrap\"><a name=\"http---snomed.info-sct-68341000052102\"> </a>  <a href=\"http://snomed.info/id/68341000052102\">68341000052102</a></td><td>http://snomed.info/sct</td><td>Recreation instructor (occupation)</td></tr><tr><td style=\"white-space:nowrap\"><a name=\"http---snomed.info-sct-68351000052104\"> </a>  <a href=\"http://snomed.info/id/68351000052104\">68351000052104</a></td><td>http://snomed.info/sct</td><td>Recreation leader for people with disabilities</td></tr><tr><td style=\"white-space:nowrap\"><a name=\"http---snomed.info-sct-68361000052101\"> </a>  <a href=\"http://snomed.info/id/68361000052101\">68361000052101</a></td><td>http://snomed.info/sct</td><td>Orthopedic cast technician (occupation)</td></tr><tr><td style=\"white-space:nowrap\"><a name=\"http---snomed.info-sct-68371000052105\"> </a>  <a href=\"http://snomed.info/id/68371000052105\">68371000052105</a></td><td>http://snomed.info/sct</td><td>Medical photographer</td></tr><tr><td style=\"white-space:nowrap\"><a name=\"http---snomed.info-sct-68381000052107\"> </a>  <a href=\"http://snomed.info/id/68381000052107\">68381000052107</a></td><td>http://snomed.info/sct</td><td>Medical engineer (occupation)</td></tr><tr><td style=\"white-space:nowrap\"><a name=\"http---snomed.info-sct-68391000052109\"> </a>  <a href=\"http://snomed.info/id/68391000052109\">68391000052109</a></td><td>http://snomed.info/sct</td><td>Adaptive equipment technician</td></tr><tr><td style=\"white-space:nowrap\"><a name=\"http---snomed.info-sct-68401000052107\"> </a>  <a href=\"http://snomed.info/id/68401000052107\">68401000052107</a></td><td>http://snomed.info/sct</td><td>Anaplastologist</td></tr><tr><td style=\"white-space:nowrap\"><a name=\"http---snomed.info-sct-68411000052109\"> </a>  <a href=\"http://snomed.info/id/68411000052109\">68411000052109</a></td><td>http://snomed.info/sct</td><td>Ergonomist (occupation)</td></tr><tr><td style=\"white-space:nowrap\"><a name=\"http---snomed.info-sct-68521000052100\"> </a>  <a href=\"http://snomed.info/id/68521000052100\">68521000052100</a></td><td>http://snomed.info/sct</td><td>Nurse with education in stoma care</td></tr><tr><td style=\"white-space:nowrap\"><a name=\"http---snomed.info-sct-68551000052107\"> </a>  <a href=\"http://snomed.info/id/68551000052107\">68551000052107</a></td><td>http://snomed.info/sct</td><td>Radiographer assistant</td></tr><tr><td style=\"white-space:nowrap\"><a name=\"http---snomed.info-sct-68561000052105\"> </a>  <a href=\"http://snomed.info/id/68561000052105\">68561000052105</a></td><td>http://snomed.info/sct</td><td>Visual rehabilitation therapist</td></tr><tr><td style=\"white-space:nowrap\"><a name=\"http---snomed.info-sct-68571000052101\"> </a>  <a href=\"http://snomed.info/id/68571000052101\">68571000052101</a></td><td>http://snomed.info/sct</td><td>Audio rehabilitation therapist (occupation)</td></tr><tr><td style=\"white-space:nowrap\"><a name=\"http---snomed.info-sct-68601000052105\"> </a>  <a href=\"http://snomed.info/id/68601000052105\">68601000052105</a></td><td>http://snomed.info/sct</td><td>Occupational hygienist</td></tr></table></div>"
      },
      "url" : "http://hl7.se/fhir/ig/base/ValueSet/SEBaseSKRYrkeVS",
      "version" : "1.0.0",
      "name" : "SEBaseSKRYrkeVS",
      "status" : "draft",
      "experimental" : true,
      "date" : "2023-03-08T16:20:30+01:00",
      "publisher" : "HL7 Sweden",
      "contact" : [{
        "name" : "HL7 Sweden",
        "telecom" : [{
          "system" : "url",
          "value" : "http://hl7.se/"
        },
        {
          "system" : "email",
          "value" : "info@hl7.se"
        }]
      }],
      "expansion" : {
        "extension" : [{
          "url" : "http://hl7.org/fhir/StructureDefinition/valueset-unclosed",
          "valueBoolean" : true
        }],
        "identifier" : "urn:uuid:669af5b9-be58-4d8e-afe8-b05f508c86ca",
        "timestamp" : "2023-03-08T16:20:44+01:00",
        "total" : 83,
        "parameter" : [{
          "name" : "excludeNested",
          "valueBoolean" : false
        },
        {
          "name" : "limitedExpansion",
          "valueBoolean" : true
        },
        {
          "name" : "version",
          "valueUri" : "http://snomed.info/sct|http://snomed.info/sct/45991000052106/version/20210531"
        },
        {
          "name" : "excludeNested",
          "valueBoolean" : true
        }],
        "contains" : [{
          "system" : "http://snomed.info/sct",
          "code" : "3842006",
          "display" : "Chiropractor"
        },
        {
          "system" : "http://snomed.info/sct",
          "code" : "26042002",
          "display" : "Dental hygienist"
        },
        {
          "system" : "http://snomed.info/sct",
          "code" : "28229004",
          "display" : "Optometrist"
        },
        {
          "system" : "http://snomed.info/sct",
          "code" : "36682004",
          "display" : "Physiotherapist"
        },
        {
          "system" : "http://snomed.info/sct",
          "code" : "46255001",
          "display" : "Pharmacist"
        },
        {
          "system" : "http://snomed.info/sct",
          "code" : "59944000",
          "display" : "Psychologist"
        },
        {
          "system" : "http://snomed.info/sct",
          "code" : "80546007",
          "display" : "Occupational therapist"
        },
        {
          "system" : "http://snomed.info/sct",
          "code" : "106289002",
          "display" : "Dentist"
        },
        {
          "system" : "http://snomed.info/sct",
          "code" : "106292003",
          "display" : "Professional nurse"
        },
        {
          "system" : "http://snomed.info/sct",
          "code" : "158950001",
          "display" : "Medical social worker"
        },
        {
          "system" : "http://snomed.info/sct",
          "code" : "159017007",
          "display" : "Diagnostic radiographer"
        },
        {
          "system" : "http://snomed.info/sct",
          "code" : "159026005",
          "display" : "Speech and language therapist"
        },
        {
          "system" : "http://snomed.info/sct",
          "code" : "159033005",
          "display" : "Dietician"
        },
        {
          "system" : "http://snomed.info/sct",
          "code" : "159155000",
          "display" : "Hospital physicist"
        },
        {
          "system" : "http://snomed.info/sct",
          "code" : "224588003",
          "display" : "Psychotherapist"
        },
        {
          "system" : "http://snomed.info/sct",
          "code" : "309418004",
          "display" : "Audiologist"
        },
        {
          "system" : "http://snomed.info/sct",
          "code" : "309428008",
          "display" : "Orthotist"
        },
        {
          "system" : "http://snomed.info/sct",
          "code" : "309453006",
          "display" : "Registered midwife"
        },
        {
          "system" : "http://snomed.info/sct",
          "code" : "386626000",
          "display" : "Medical technologist (occupation)"
        },
        {
          "system" : "http://snomed.info/sct",
          "code" : "68081000052105",
          "display" : "Licensed medical practitioner (occupation)"
        },
        {
          "system" : "http://snomed.info/sct",
          "code" : "68171000052107",
          "display" : "Naprapath (occupation)"
        },
        {
          "system" : "http://snomed.info/sct",
          "code" : "68201000052108",
          "display" : "Prescriptionist"
        },
        {
          "system" : "http://snomed.info/sct",
          "code" : "4162009",
          "display" : "Dental assistant"
        },
        {
          "system" : "http://snomed.info/sct",
          "code" : "40570005",
          "display" : "Interpreter"
        },
        {
          "system" : "http://snomed.info/sct",
          "code" : "59169001",
          "display" : "Orthopedic technician"
        },
        {
          "system" : "http://snomed.info/sct",
          "code" : "106308006",
          "display" : "Pre-primary education teacher"
        },
        {
          "system" : "http://snomed.info/sct",
          "code" : "106309003",
          "display" : "Special education teacher"
        },
        {
          "system" : "http://snomed.info/sct",
          "code" : "159005005",
          "display" : "Student nurse"
        },
        {
          "system" : "http://snomed.info/sct",
          "code" : "159034004",
          "display" : "Podiatrist"
        },
        {
          "system" : "http://snomed.info/sct",
          "code" : "159039009",
          "display" : "AT - Audiology technician"
        },
        {
          "system" : "http://snomed.info/sct",
          "code" : "159282002",
          "display" : "Laboratory technician"
        },
        {
          "system" : "http://snomed.info/sct",
          "code" : "160008000",
          "display" : "Dental technician"
        },
        {
          "system" : "http://snomed.info/sct",
          "code" : "184152007",
          "display" : "Care assistant"
        },
        {
          "system" : "http://snomed.info/sct",
          "code" : "224577009",
          "display" : "HCA - Healthcare assistant"
        },
        {
          "system" : "http://snomed.info/sct",
          "code" : "224587008",
          "display" : "Occupational therapy helper"
        },
        {
          "system" : "http://snomed.info/sct",
          "code" : "224590002",
          "display" : "Play therapist"
        },
        {
          "system" : "http://snomed.info/sct",
          "code" : "307984008",
          "display" : "Education social worker"
        },
        {
          "system" : "http://snomed.info/sct",
          "code" : "309404006",
          "display" : "Physiotherapy helper"
        },
        {
          "system" : "http://snomed.info/sct",
          "code" : "309411005",
          "display" : "Dance therapist"
        },
        {
          "system" : "http://snomed.info/sct",
          "code" : "309412003",
          "display" : "Music therapist"
        },
        {
          "system" : "http://snomed.info/sct",
          "code" : "309454000",
          "display" : "Student midwife"
        },
        {
          "system" : "http://snomed.info/sct",
          "code" : "310194009",
          "display" : "Appliance officer"
        },
        {
          "system" : "http://snomed.info/sct",
          "code" : "394572006",
          "display" : "Medical secretary (occupation)"
        },
        {
          "system" : "http://snomed.info/sct",
          "code" : "397897005",
          "display" : "Paramedic (occupation)"
        },
        {
          "system" : "http://snomed.info/sct",
          "code" : "398130009",
          "display" : "Medical student (occupation)"
        },
        {
          "system" : "http://snomed.info/sct",
          "code" : "409974004",
          "display" : "Health educator (occupation)"
        },
        {
          "system" : "http://snomed.info/sct",
          "code" : "721942007",
          "display" : "Cardiovascular perfusionist (occupation)"
        },
        {
          "system" : "http://snomed.info/sct",
          "code" : "768822006",
          "display" : "Rehabilitation coordinator"
        },
        {
          "system" : "http://snomed.info/sct",
          "code" : "67951000052104",
          "display" : "Occupational therapy student"
        },
        {
          "system" : "http://snomed.info/sct",
          "code" : "67961000052101",
          "display" : "Audiology student (occupation)"
        },
        {
          "system" : "http://snomed.info/sct",
          "code" : "67971000052105",
          "display" : "Dietetics student"
        },
        {
          "system" : "http://snomed.info/sct",
          "code" : "67991000052109",
          "display" : "Pharmacy student"
        },
        {
          "system" : "http://snomed.info/sct",
          "code" : "68001000052103",
          "display" : "Student physical therapist"
        },
        {
          "system" : "http://snomed.info/sct",
          "code" : "68031000052106",
          "display" : "Student medical social worker"
        },
        {
          "system" : "http://snomed.info/sct",
          "code" : "68091000052107",
          "display" : "Speech and language pathology student"
        },
        {
          "system" : "http://snomed.info/sct",
          "code" : "68101000052102",
          "display" : "Student psychologist (occupation)"
        },
        {
          "system" : "http://snomed.info/sct",
          "code" : "68111000052100",
          "display" : "Psychiatric care orderly trainee (occupation)"
        },
        {
          "system" : "http://snomed.info/sct",
          "code" : "68131000052105",
          "display" : "Healthcare assistant student (occupation)"
        },
        {
          "system" : "http://snomed.info/sct",
          "code" : "68181000052109",
          "display" : "Intern psychologist (occupation)"
        },
        {
          "system" : "http://snomed.info/sct",
          "code" : "68211000052105",
          "display" : "Pharmacist and/or prescriptionist (occupation)"
        },
        {
          "system" : "http://snomed.info/sct",
          "code" : "68221000052102",
          "display" : "Pelvic floor health professional"
        },
        {
          "system" : "http://snomed.info/sct",
          "code" : "68231000052100",
          "display" : "Pediatric health assistant (occupation)"
        },
        {
          "system" : "http://snomed.info/sct",
          "code" : "68241000052106",
          "display" : "Psychiatric care orderly"
        },
        {
          "system" : "http://snomed.info/sct",
          "code" : "68251000052109",
          "display" : "Peer support worker"
        },
        {
          "system" : "http://snomed.info/sct",
          "code" : "68261000052107",
          "display" : "Art therapist (occupation)"
        },
        {
          "system" : "http://snomed.info/sct",
          "code" : "68271000052103",
          "display" : "Rehabilitation assistant (occupation)"
        },
        {
          "system" : "http://snomed.info/sct",
          "code" : "68301000052100",
          "display" : "Habilitation assistant"
        },
        {
          "system" : "http://snomed.info/sct",
          "code" : "68311000052103",
          "display" : "Social welfare and/or guidance officer (occupation)"
        },
        {
          "system" : "http://snomed.info/sct",
          "code" : "68321000052106",
          "display" : "Sign language teacher"
        },
        {
          "system" : "http://snomed.info/sct",
          "code" : "68331000052108",
          "display" : "Sign supported speech teacher (occupation)"
        },
        {
          "system" : "http://snomed.info/sct",
          "code" : "68341000052102",
          "display" : "Recreation instructor (occupation)"
        },
        {
          "system" : "http://snomed.info/sct",
          "code" : "68351000052104",
          "display" : "Recreation leader for people with disabilities"
        },
        {
          "system" : "http://snomed.info/sct",
          "code" : "68361000052101",
          "display" : "Orthopedic cast technician (occupation)"
        },
        {
          "system" : "http://snomed.info/sct",
          "code" : "68371000052105",
          "display" : "Medical photographer"
        },
        {
          "system" : "http://snomed.info/sct",
          "code" : "68381000052107",
          "display" : "Medical engineer (occupation)"
        },
        {
          "system" : "http://snomed.info/sct",
          "code" : "68391000052109",
          "display" : "Adaptive equipment technician"
        },
        {
          "system" : "http://snomed.info/sct",
          "code" : "68401000052107",
          "display" : "Anaplastologist"
        },
        {
          "system" : "http://snomed.info/sct",
          "code" : "68411000052109",
          "display" : "Ergonomist (occupation)"
        },
        {
          "system" : "http://snomed.info/sct",
          "code" : "68521000052100",
          "display" : "Nurse with education in stoma care"
        },
        {
          "system" : "http://snomed.info/sct",
          "code" : "68551000052107",
          "display" : "Radiographer assistant"
        },
        {
          "system" : "http://snomed.info/sct",
          "code" : "68561000052105",
          "display" : "Visual rehabilitation therapist"
        },
        {
          "system" : "http://snomed.info/sct",
          "code" : "68571000052101",
          "display" : "Audio rehabilitation therapist (occupation)"
        },
        {
          "system" : "http://snomed.info/sct",
          "code" : "68601000052105",
          "display" : "Occupational hygienist"
        }]
      }
    }
  }]
}