<?xml version="1.0" encoding="UTF-8"?><Bundle xmlns="http://hl7.org/fhir"><type value="collection"/><entry><resource><OperationOutcome><issue><extension url="http://hl7.org/fhir/StructureDefinition/operationoutcome-issue-source"><valueCode value="Publisher"/></extension><severity value="warning"/><code value="not-found"/><details><text value="The HTML fragment 'ip-statements.xhtml' is not included anywhere in the produced implementation guide"/></details><expression value="1"/></issue><issue><extension url="http://hl7.org/fhir/StructureDefinition/operationoutcome-issue-source"><valueCode value="Publisher"/></extension><severity value="warning"/><code value="not-found"/><details><text value="An HTML fragment from the set [cross-version-analysis.xhtml, cross-version-analysis-inline.xhtml] is not included anywhere in the produced implementation guide"/></details><expression value="2"/></issue><issue><extension url="http://hl7.org/fhir/StructureDefinition/operationoutcome-issue-source"><valueCode value="Publisher"/></extension><severity value="warning"/><code value="not-found"/><details><text value="An HTML fragment from the set [dependency-table.xhtml, dependency-table-short.xhtml] is not included anywhere in the produced implementation guide"/></details><expression value="3"/></issue><issue><extension url="http://hl7.org/fhir/StructureDefinition/operationoutcome-issue-source"><valueCode value="Publisher"/></extension><severity value="warning"/><code value="not-found"/><details><text value="The HTML fragment 'globals-table.xhtml' is not included anywhere in the produced implementation guide"/></details><expression value="4"/></issue></OperationOutcome></resource></entry><entry><resource><OperationOutcome><extension url="http://hl7.org/fhir/StructureDefinition/operationoutcome-file"><valueString value="/Users/petur/development/hl7se/basprofiler-r4/temp/hl7se.fhir.base#1.0.0/fsh-generated/resources/CodeSystem-SecurityLabel"/></extension><issue><extension url="http://hl7.org/fhir/StructureDefinition/operationoutcome-issue-source"><valueCode value="InstanceValidator"/></extension><severity value="information"/><code value="business-rule"/><details><text value="CodeSystems SHOULD have a stated value for the caseSensitive element so that users know the status and meaning of the code system clearly"/></details><expression value="CodeSystem/SecurityLabel: CodeSystem"/></issue><issue><extension url="http://hl7.org/fhir/StructureDefinition/operationoutcome-issue-source"><valueCode value="InstanceValidator"/></extension><extension url="http://hl7.org/fhir/StructureDefinition/operationoutcome-message-id"><valueCode value="CODESYSTEM_SHAREABLE_MISSING_HL7"/></extension><severity value="error"/><code value="required"/><details><text value="The ShareableCodeSystem profile says that the experimental element is mandatory, but it is not found. HL7 Published code systems SHALL conform to the ShareableCodeSystem profile"/></details><expression value="CodeSystem/SecurityLabel: CodeSystem"/></issue><issue><extension url="http://hl7.org/fhir/StructureDefinition/operationoutcome-issue-source"><valueCode value="InstanceValidator"/></extension><extension url="http://hl7.org/fhir/StructureDefinition/operationoutcome-message-id"><valueCode value="CODESYSTEM_SHAREABLE_MISSING_HL7"/></extension><severity value="error"/><code value="required"/><details><text value="The ShareableCodeSystem profile says that the caseSensitive element is mandatory, but it is not found. HL7 Published code systems SHALL conform to the ShareableCodeSystem profile"/></details><expression value="CodeSystem/SecurityLabel: CodeSystem"/></issue></OperationOutcome></resource></entry><entry><resource><OperationOutcome><extension url="http://hl7.org/fhir/StructureDefinition/operationoutcome-file"><valueString value="/Users/petur/development/hl7se/basprofiler-r4/temp/hl7se.fhir.base#1.0.0/fsh-generated/resources/CodeSystem-se-base-marital-status"/></extension><issue><extension url="http://hl7.org/fhir/StructureDefinition/operationoutcome-issue-source"><valueCode value="InstanceValidator"/></extension><severity value="information"/><code value="business-rule"/><details><text value="CodeSystems SHOULD have a stated value for the caseSensitive element so that users know the status and meaning of the code system clearly"/></details><expression value="CodeSystem/se-base-marital-status: CodeSystem"/></issue><issue><extension url="http://hl7.org/fhir/StructureDefinition/operationoutcome-issue-source"><valueCode value="InstanceValidator"/></extension><extension url="http://hl7.org/fhir/StructureDefinition/operationoutcome-message-id"><valueCode value="CODESYSTEM_SHAREABLE_MISSING_HL7"/></extension><severity value="error"/><code value="required"/><details><text value="The ShareableCodeSystem profile says that the caseSensitive element is mandatory, but it is not found. HL7 Published code systems SHALL conform to the ShareableCodeSystem profile"/></details><expression value="CodeSystem/se-base-marital-status: CodeSystem"/></issue></OperationOutcome></resource></entry><entry><resource><OperationOutcome><extension url="http://hl7.org/fhir/StructureDefinition/operationoutcome-file"><valueString value="/Users/petur/development/hl7se/basprofiler-r4/temp/hl7se.fhir.base#1.0.0/fsh-generated/resources/ImplementationGuide-hl7se.fhir.base"/></extension></OperationOutcome></resource></entry><entry><resource><OperationOutcome><extension url="http://hl7.org/fhir/StructureDefinition/operationoutcome-file"><valueString value="/Users/petur/development/hl7se/basprofiler-r4/temp/hl7se.fhir.base#1.0.0/fsh-generated/resources/Organization-Organization1"/></extension></OperationOutcome></resource></entry><entry><resource><OperationOutcome><extension url="http://hl7.org/fhir/StructureDefinition/operationoutcome-file"><valueString value="/Users/petur/development/hl7se/basprofiler-r4/temp/hl7se.fhir.base#1.0.0/fsh-generated/resources/Patient-PatientExample1"/></extension><issue><extension url="http://hl7.org/fhir/StructureDefinition/operationoutcome-issue-line"><valueInteger value="62"/></extension><extension url="http://hl7.org/fhir/StructureDefinition/operationoutcome-issue-col"><valueInteger value="24"/></extension><extension url="http://hl7.org/fhir/StructureDefinition/operationoutcome-issue-source"><valueCode value="TerminologyEngine"/></extension><extension url="http://hl7.org/fhir/StructureDefinition/operationoutcome-message-id"><valueCode value="The display &quot;utlandsadress&quot; is not a valid display for the code {http://snomed.info/sct}63401000052101 - should be one of ['Address abroad (qualifier value)', 'Address abroad'] (from http://tx.fhir.org/r4)"/></extension><severity value="warning"/><code value="code-invalid"/><details><text value="The display &quot;utlandsadress&quot; is not a valid display for the code {http://snomed.info/sct}63401000052101 - should be one of ['Address abroad (qualifier value)', 'Address abroad'] (from http://tx.fhir.org/r4)"/></details><expression value="Patient/PatientExample1: Patient.address[0].extension[0].value.ofType(CodeableConcept)"/></issue><issue><extension url="http://hl7.org/fhir/StructureDefinition/operationoutcome-issue-line"><valueInteger value="63"/></extension><extension url="http://hl7.org/fhir/StructureDefinition/operationoutcome-issue-col"><valueInteger value="16"/></extension><extension url="http://hl7.org/fhir/StructureDefinition/operationoutcome-issue-source"><valueCode value="TerminologyEngine"/></extension><extension url="http://hl7.org/fhir/StructureDefinition/operationoutcome-message-id"><valueCode value="Terminology_PassThrough_TX_Message"/></extension><severity value="warning"/><code value="code-invalid"/><details><text value="The display &quot;utlandsadress&quot; is not a valid display for the code {http://snomed.info/sct}63401000052101 - should be one of ['Address abroad (qualifier value)', 'Address abroad'] (from http://tx.fhir.org/r4) for 'http://snomed.info/sct#63401000052101'"/></details><expression value="Patient/PatientExample1: Patient.address[0].extension[0].value.ofType(CodeableConcept).coding[0]"/></issue><issue><extension url="http://hl7.org/fhir/StructureDefinition/operationoutcome-issue-line"><valueInteger value="84"/></extension><extension url="http://hl7.org/fhir/StructureDefinition/operationoutcome-issue-col"><valueInteger value="8"/></extension><extension url="http://hl7.org/fhir/StructureDefinition/operationoutcome-issue-source"><valueCode value="InstanceValidator"/></extension><extension url="http://hl7.org/fhir/StructureDefinition/operationoutcome-message-id"><valueCode value="TERMINOLOGY_TX_SYSTEM_NO_CODE"/></extension><severity value="warning"/><code value="code-invalid"/><details><text value="A code with no system has no defined meaning. A system should be provided"/></details><expression value="Patient/PatientExample1: Patient.maritalStatus.coding[0]"/></issue></OperationOutcome></resource></entry><entry><resource><OperationOutcome><extension url="http://hl7.org/fhir/StructureDefinition/operationoutcome-file"><valueString value="/Users/petur/development/hl7se/basprofiler-r4/temp/hl7se.fhir.base#1.0.0/fsh-generated/resources/Practitioner-PractitionerExample1"/></extension><issue><extension url="http://hl7.org/fhir/StructureDefinition/operationoutcome-issue-line"><valueInteger value="57"/></extension><extension url="http://hl7.org/fhir/StructureDefinition/operationoutcome-issue-col"><valueInteger value="12"/></extension><extension url="http://hl7.org/fhir/StructureDefinition/operationoutcome-issue-source"><valueCode value="TerminologyEngine"/></extension><extension url="http://hl7.org/fhir/StructureDefinition/operationoutcome-message-id"><valueCode value="Terminology_PassThrough_TX_Message"/></extension><severity value="warning"/><code value="code-invalid"/><details><text value="The display &quot;barnmorska&quot; is not a valid display for the code {http://snomed.info/sct}309453006 - should be one of ['Registered midwife', 'RM - Registered midwife', 'Registered midwife (occupation)', 'Midwife'] (from http://tx.fhir.org/r4) for 'http://snomed.info/sct#309453006'"/></details><expression value="Practitioner/PractitionerExample1: Practitioner.qualification[0].code.coding[0]"/></issue><issue><extension url="http://hl7.org/fhir/StructureDefinition/operationoutcome-issue-line"><valueInteger value="57"/></extension><extension url="http://hl7.org/fhir/StructureDefinition/operationoutcome-issue-col"><valueInteger value="12"/></extension><extension url="http://hl7.org/fhir/StructureDefinition/operationoutcome-issue-source"><valueCode value="InstanceValidator"/></extension><extension url="http://hl7.org/fhir/StructureDefinition/operationoutcome-message-id"><valueCode value="SLICING_CANNOT_BE_EVALUATED"/></extension><severity value="error"/><code value="processing"/><details><text value="Slicing cannot be evaluated: Could not match discriminator ([system]) for slice Practitioner.qualification.code.coding:hosp in profile http://hl7.se/fhir/ig/base/StructureDefinition/SEBasePractitioner - the discriminator [system] does not have fixed value, binding or existence assertions"/></details><expression value="Practitioner/PractitionerExample1: Practitioner.qualification[0].code.coding[0]"/></issue><issue><extension url="http://hl7.org/fhir/StructureDefinition/operationoutcome-issue-line"><valueInteger value="57"/></extension><extension url="http://hl7.org/fhir/StructureDefinition/operationoutcome-issue-col"><valueInteger value="12"/></extension><extension url="http://hl7.org/fhir/StructureDefinition/operationoutcome-issue-source"><valueCode value="InstanceValidator"/></extension><extension url="http://hl7.org/fhir/StructureDefinition/operationoutcome-message-id"><valueCode value="SLICING_CANNOT_BE_EVALUATED"/></extension><severity value="error"/><code value="processing"/><details><text value="Slicing cannot be evaluated: Could not match discriminator ([system]) for slice Practitioner.qualification.code.coding:sosnyk in profile http://hl7.se/fhir/ig/base/StructureDefinition/SEBasePractitioner - the discriminator [system] does not have fixed value, binding or existence assertions"/></details><expression value="Practitioner/PractitionerExample1: Practitioner.qualification[0].code.coding[0]"/></issue><issue><extension url="http://hl7.org/fhir/StructureDefinition/operationoutcome-issue-line"><valueInteger value="57"/></extension><extension url="http://hl7.org/fhir/StructureDefinition/operationoutcome-issue-col"><valueInteger value="12"/></extension><extension url="http://hl7.org/fhir/StructureDefinition/operationoutcome-issue-source"><valueCode value="InstanceValidator"/></extension><extension url="http://hl7.org/fhir/StructureDefinition/operationoutcome-message-id"><valueCode value="SLICING_CANNOT_BE_EVALUATED"/></extension><severity value="error"/><code value="processing"/><details><text value="Slicing cannot be evaluated: Could not match discriminator ([system]) for slice Practitioner.qualification.code.coding:skr-yrke in profile http://hl7.se/fhir/ig/base/StructureDefinition/SEBasePractitioner - the discriminator [system] does not have fixed value, binding or existence assertions"/></details><expression value="Practitioner/PractitionerExample1: Practitioner.qualification[0].code.coding[0]"/></issue><issue><extension url="http://hl7.org/fhir/StructureDefinition/operationoutcome-issue-line"><valueInteger value="57"/></extension><extension url="http://hl7.org/fhir/StructureDefinition/operationoutcome-issue-col"><valueInteger value="12"/></extension><extension url="http://hl7.org/fhir/StructureDefinition/operationoutcome-issue-source"><valueCode value="InstanceValidator"/></extension><extension url="http://hl7.org/fhir/StructureDefinition/operationoutcome-message-id"><valueCode value="SLICING_CANNOT_BE_EVALUATED"/></extension><severity value="error"/><code value="processing"/><details><text value="Slicing cannot be evaluated: Could not match discriminator ([system]) for slice Practitioner.qualification.code.coding:hsa-befattning in profile http://hl7.se/fhir/ig/base/StructureDefinition/SEBasePractitioner - the discriminator [system] does not have fixed value, binding or existence assertions"/></details><expression value="Practitioner/PractitionerExample1: Practitioner.qualification[0].code.coding[0]"/></issue></OperationOutcome></resource></entry><entry><resource><OperationOutcome><extension url="http://hl7.org/fhir/StructureDefinition/operationoutcome-file"><valueString value="/Users/petur/development/hl7se/basprofiler-r4/temp/hl7se.fhir.base#1.0.0/fsh-generated/resources/StructureDefinition-SEBaseAddressPersonExtension"/></extension></OperationOutcome></resource></entry><entry><resource><OperationOutcome><extension url="http://hl7.org/fhir/StructureDefinition/operationoutcome-file"><valueString value="/Users/petur/development/hl7se/basprofiler-r4/temp/hl7se.fhir.base#1.0.0/fsh-generated/resources/StructureDefinition-SEBaseHumanName"/></extension></OperationOutcome></resource></entry><entry><resource><OperationOutcome><extension url="http://hl7.org/fhir/StructureDefinition/operationoutcome-file"><valueString value="/Users/petur/development/hl7se/basprofiler-r4/temp/hl7se.fhir.base#1.0.0/fsh-generated/resources/StructureDefinition-SEBaseLMANummer"/></extension><issue><extension url="http://hl7.org/fhir/StructureDefinition/operationoutcome-issue-source"><valueCode value="Publisher"/></extension><severity value="warning"/><code value="business-rule"/><details><text value="The Implementation Guide contains no examples for this data type profile"/></details><expression value="StructureDefinition.where(url = 'http://hl7.se/fhir/ig/base/StructureDefinition/SEBaseLMANummer')"/></issue></OperationOutcome></resource></entry><entry><resource><OperationOutcome><extension url="http://hl7.org/fhir/StructureDefinition/operationoutcome-file"><valueString value="/Users/petur/development/hl7se/basprofiler-r4/temp/hl7se.fhir.base#1.0.0/fsh-generated/resources/StructureDefinition-SEBaseMiddleNameExtension"/></extension></OperationOutcome></resource></entry><entry><resource><OperationOutcome><extension url="http://hl7.org/fhir/StructureDefinition/operationoutcome-file"><valueString value="/Users/petur/development/hl7se/basprofiler-r4/temp/hl7se.fhir.base#1.0.0/fsh-generated/resources/StructureDefinition-SEBaseOrganization"/></extension><issue><extension url="http://hl7.org/fhir/StructureDefinition/operationoutcome-issue-source"><valueCode value="InstanceValidator"/></extension><severity value="warning"/><code value="exception"/><details><text value="For the complex type CodeableConcept, consider using a pattern rather than a fixed value to avoid over-constraining the instance"/></details><expression value="StructureDefinition/SEBaseOrganization: StructureDefinition.snapshot.element[14].fixed.ofType(CodeableConcept)"/></issue><issue><extension url="http://hl7.org/fhir/StructureDefinition/operationoutcome-issue-source"><valueCode value="InstanceValidator"/></extension><severity value="warning"/><code value="exception"/><details><text value="For the complex type CodeableConcept, consider using a pattern rather than a fixed value to avoid over-constraining the instance"/></details><expression value="StructureDefinition/SEBaseOrganization: StructureDefinition.snapshot.element[23].fixed.ofType(CodeableConcept)"/></issue></OperationOutcome></resource></entry><entry><resource><OperationOutcome><extension url="http://hl7.org/fhir/StructureDefinition/operationoutcome-file"><valueString value="/Users/petur/development/hl7se/basprofiler-r4/temp/hl7se.fhir.base#1.0.0/fsh-generated/resources/StructureDefinition-SEBaseOwnFamilyExtension"/></extension></OperationOutcome></resource></entry><entry><resource><OperationOutcome><extension url="http://hl7.org/fhir/StructureDefinition/operationoutcome-file"><valueString value="/Users/petur/development/hl7se/basprofiler-r4/temp/hl7se.fhir.base#1.0.0/fsh-generated/resources/StructureDefinition-SEBasePatient"/></extension></OperationOutcome></resource></entry><entry><resource><OperationOutcome><extension url="http://hl7.org/fhir/StructureDefinition/operationoutcome-file"><valueString value="/Users/petur/development/hl7se/basprofiler-r4/temp/hl7se.fhir.base#1.0.0/fsh-generated/resources/StructureDefinition-SEBasePractitioner"/></extension><issue><extension url="http://hl7.org/fhir/StructureDefinition/operationoutcome-issue-source"><valueCode value="InstanceValidator"/></extension><severity value="warning"/><code value="exception"/><details><text value="For the complex type CodeableConcept, consider using a pattern rather than a fixed value to avoid over-constraining the instance"/></details><expression value="StructureDefinition/SEBasePractitioner: StructureDefinition.snapshot.element[14].fixed.ofType(CodeableConcept)"/></issue></OperationOutcome></resource></entry><entry><resource><OperationOutcome><extension url="http://hl7.org/fhir/StructureDefinition/operationoutcome-file"><valueString value="/Users/petur/development/hl7se/basprofiler-r4/temp/hl7se.fhir.base#1.0.0/fsh-generated/resources/StructureDefinition-SEBasePractitionerRole"/></extension><issue><extension url="http://hl7.org/fhir/StructureDefinition/operationoutcome-issue-source"><valueCode value="InstanceValidator"/></extension><severity value="warning"/><code value="exception"/><details><text value="For the complex type CodeableConcept, consider using a pattern rather than a fixed value to avoid over-constraining the instance"/></details><expression value="StructureDefinition/SEBasePractitionerRole: StructureDefinition.snapshot.element[14].fixed.ofType(CodeableConcept)"/></issue><issue><extension url="http://hl7.org/fhir/StructureDefinition/operationoutcome-issue-source"><valueCode value="Publisher"/></extension><severity value="warning"/><code value="business-rule"/><details><text value="The Implementation Guide contains no examples for this profile"/></details><expression value="StructureDefinition.where(url = 'http://hl7.se/fhir/ig/base/StructureDefinition/SEBasePractitionerRole')"/></issue></OperationOutcome></resource></entry><entry><resource><OperationOutcome><extension url="http://hl7.org/fhir/StructureDefinition/operationoutcome-file"><valueString value="/Users/petur/development/hl7se/basprofiler-r4/temp/hl7se.fhir.base#1.0.0/fsh-generated/resources/ValueSet-SEBaseAddressPersonVS"/></extension></OperationOutcome></resource></entry><entry><resource><OperationOutcome><extension url="http://hl7.org/fhir/StructureDefinition/operationoutcome-file"><valueString value="/Users/petur/development/hl7se/basprofiler-r4/temp/hl7se.fhir.base#1.0.0/fsh-generated/resources/ValueSet-SEBaseHOSPLegitimationsYrkeVS"/></extension><issue><extension url="http://hl7.org/fhir/StructureDefinition/operationoutcome-issue-source"><valueCode value="InstanceValidator"/></extension><extension url="http://hl7.org/fhir/StructureDefinition/operationoutcome-message-id"><valueCode value="VALUESET_SHAREABLE_MISSING_HL7"/></extension><severity value="error"/><code value="required"/><details><text value="The ShareableValueSet profile says that the title element is mandatory, but it is not found. HL7 Published value sets SHALL conform to the ShareableValueSet profile"/></details><expression value="ValueSet/SEBaseHOSPLegitimationsYrkeVS: ValueSet"/></issue><issue><extension url="http://hl7.org/fhir/StructureDefinition/operationoutcome-issue-source"><valueCode value="InstanceValidator"/></extension><extension url="http://hl7.org/fhir/StructureDefinition/operationoutcome-message-id"><valueCode value="VALUESET_SHAREABLE_MISSING_HL7"/></extension><severity value="error"/><code value="required"/><details><text value="The ShareableValueSet profile says that the description element is mandatory, but it is not found. HL7 Published value sets SHALL conform to the ShareableValueSet profile"/></details><expression value="ValueSet/SEBaseHOSPLegitimationsYrkeVS: ValueSet"/></issue><issue><extension url="http://hl7.org/fhir/StructureDefinition/operationoutcome-issue-source"><valueCode value="TerminologyEngine"/></extension><severity value="warning"/><code value="exception"/><details><text value="Error from server: Unable to provide support for code system urn:oid:1.2.752.116.3.1.3"/></details><expression value="ValueSet.where(id = 'SEBaseHOSPLegitimationsYrkeVS')"/></issue></OperationOutcome></resource></entry><entry><resource><OperationOutcome><extension url="http://hl7.org/fhir/StructureDefinition/operationoutcome-file"><valueString value="/Users/petur/development/hl7se/basprofiler-r4/temp/hl7se.fhir.base#1.0.0/fsh-generated/resources/ValueSet-SEBaseHSABefattningVS"/></extension><issue><extension url="http://hl7.org/fhir/StructureDefinition/operationoutcome-issue-source"><valueCode value="InstanceValidator"/></extension><extension url="http://hl7.org/fhir/StructureDefinition/operationoutcome-message-id"><valueCode value="VALUESET_SHAREABLE_MISSING_HL7"/></extension><severity value="error"/><code value="required"/><details><text value="The ShareableValueSet profile says that the title element is mandatory, but it is not found. HL7 Published value sets SHALL conform to the ShareableValueSet profile"/></details><expression value="ValueSet/SEBaseHSABefattningVS: ValueSet"/></issue><issue><extension url="http://hl7.org/fhir/StructureDefinition/operationoutcome-issue-source"><valueCode value="InstanceValidator"/></extension><extension url="http://hl7.org/fhir/StructureDefinition/operationoutcome-message-id"><valueCode value="VALUESET_SHAREABLE_MISSING_HL7"/></extension><severity value="error"/><code value="required"/><details><text value="The ShareableValueSet profile says that the description element is mandatory, but it is not found. HL7 Published value sets SHALL conform to the ShareableValueSet profile"/></details><expression value="ValueSet/SEBaseHSABefattningVS: ValueSet"/></issue><issue><extension url="http://hl7.org/fhir/StructureDefinition/operationoutcome-issue-source"><valueCode value="TerminologyEngine"/></extension><severity value="warning"/><code value="exception"/><details><text value="Error from server: Unable to provide support for code system urn:oid:1.2.759.129.2.2.1.4"/></details><expression value="ValueSet.where(id = 'SEBaseHSABefattningVS')"/></issue></OperationOutcome></resource></entry><entry><resource><OperationOutcome><extension url="http://hl7.org/fhir/StructureDefinition/operationoutcome-file"><valueString value="/Users/petur/development/hl7se/basprofiler-r4/temp/hl7se.fhir.base#1.0.0/fsh-generated/resources/ValueSet-SEBaseHSAVerksamhetVS"/></extension><issue><extension url="http://hl7.org/fhir/StructureDefinition/operationoutcome-issue-source"><valueCode value="InstanceValidator"/></extension><extension url="http://hl7.org/fhir/StructureDefinition/operationoutcome-message-id"><valueCode value="VALUESET_SHAREABLE_MISSING_HL7"/></extension><severity value="error"/><code value="required"/><details><text value="The ShareableValueSet profile says that the title element is mandatory, but it is not found. HL7 Published value sets SHALL conform to the ShareableValueSet profile"/></details><expression value="ValueSet/SEBaseHSAVerksamhetVS: ValueSet"/></issue><issue><extension url="http://hl7.org/fhir/StructureDefinition/operationoutcome-issue-source"><valueCode value="InstanceValidator"/></extension><extension url="http://hl7.org/fhir/StructureDefinition/operationoutcome-message-id"><valueCode value="VALUESET_SHAREABLE_MISSING_HL7"/></extension><severity value="error"/><code value="required"/><details><text value="The ShareableValueSet profile says that the description element is mandatory, but it is not found. HL7 Published value sets SHALL conform to the ShareableValueSet profile"/></details><expression value="ValueSet/SEBaseHSAVerksamhetVS: ValueSet"/></issue><issue><extension url="http://hl7.org/fhir/StructureDefinition/operationoutcome-issue-source"><valueCode value="TerminologyEngine"/></extension><severity value="warning"/><code value="exception"/><details><text value="Error from server: Unable to provide support for code system urn:oid:1.2.752.129.2.2.1.3"/></details><expression value="ValueSet.where(id = 'SEBaseHSAVerksamhetVS')"/></issue></OperationOutcome></resource></entry><entry><resource><OperationOutcome><extension url="http://hl7.org/fhir/StructureDefinition/operationoutcome-file"><valueString value="/Users/petur/development/hl7se/basprofiler-r4/temp/hl7se.fhir.base#1.0.0/fsh-generated/resources/ValueSet-SEBaseMaritalStatusVS"/></extension><issue><extension url="http://hl7.org/fhir/StructureDefinition/operationoutcome-issue-source"><valueCode value="InstanceValidator"/></extension><severity value="warning"/><code value="business-rule"/><details><text value="Unknown System 'http://hl7.org/fhir/ValueSet/marital-status' specified, so Concepts and Filters cant be checked"/></details><expression value="ValueSet/SEBaseMaritalStatusVS: ValueSet.compose[0].include[0]"/></issue><issue><extension url="http://hl7.org/fhir/StructureDefinition/operationoutcome-issue-source"><valueCode value="TerminologyEngine"/></extension><severity value="warning"/><code value="exception"/><details><text value="Error from server: Unable to provide support for code system http://hl7.org/fhir/ValueSet/marital-status"/></details><expression value="ValueSet.where(id = 'SEBaseMaritalStatusVS')"/></issue></OperationOutcome></resource></entry><entry><resource><OperationOutcome><extension url="http://hl7.org/fhir/StructureDefinition/operationoutcome-file"><valueString value="/Users/petur/development/hl7se/basprofiler-r4/temp/hl7se.fhir.base#1.0.0/fsh-generated/resources/ValueSet-SEBaseNamePartQualifierVS"/></extension></OperationOutcome></resource></entry><entry><resource><OperationOutcome><extension url="http://hl7.org/fhir/StructureDefinition/operationoutcome-file"><valueString value="/Users/petur/development/hl7se/basprofiler-r4/temp/hl7se.fhir.base#1.0.0/fsh-generated/resources/ValueSet-SEBaseSKRYrkeSpecialtyVS"/></extension><issue><extension url="http://hl7.org/fhir/StructureDefinition/operationoutcome-issue-source"><valueCode value="InstanceValidator"/></extension><extension url="http://hl7.org/fhir/StructureDefinition/operationoutcome-message-id"><valueCode value="VALUESET_SHAREABLE_MISSING_HL7"/></extension><severity value="error"/><code value="required"/><details><text value="The ShareableValueSet profile says that the title element is mandatory, but it is not found. HL7 Published value sets SHALL conform to the ShareableValueSet profile"/></details><expression value="ValueSet/SEBaseSKRYrkeSpecialtyVS: ValueSet"/></issue><issue><extension url="http://hl7.org/fhir/StructureDefinition/operationoutcome-issue-source"><valueCode value="InstanceValidator"/></extension><extension url="http://hl7.org/fhir/StructureDefinition/operationoutcome-message-id"><valueCode value="VALUESET_SHAREABLE_MISSING_HL7"/></extension><severity value="error"/><code value="required"/><details><text value="The ShareableValueSet profile says that the description element is mandatory, but it is not found. HL7 Published value sets SHALL conform to the ShareableValueSet profile"/></details><expression value="ValueSet/SEBaseSKRYrkeSpecialtyVS: ValueSet"/></issue></OperationOutcome></resource></entry><entry><resource><OperationOutcome><extension url="http://hl7.org/fhir/StructureDefinition/operationoutcome-file"><valueString value="/Users/petur/development/hl7se/basprofiler-r4/temp/hl7se.fhir.base#1.0.0/fsh-generated/resources/ValueSet-SEBaseSKRYrkeVS"/></extension><issue><extension url="http://hl7.org/fhir/StructureDefinition/operationoutcome-issue-source"><valueCode value="InstanceValidator"/></extension><extension url="http://hl7.org/fhir/StructureDefinition/operationoutcome-message-id"><valueCode value="VALUESET_SHAREABLE_MISSING_HL7"/></extension><severity value="error"/><code value="required"/><details><text value="The ShareableValueSet profile says that the title element is mandatory, but it is not found. HL7 Published value sets SHALL conform to the ShareableValueSet profile"/></details><expression value="ValueSet/SEBaseSKRYrkeVS: ValueSet"/></issue><issue><extension url="http://hl7.org/fhir/StructureDefinition/operationoutcome-issue-source"><valueCode value="InstanceValidator"/></extension><extension url="http://hl7.org/fhir/StructureDefinition/operationoutcome-message-id"><valueCode value="VALUESET_SHAREABLE_MISSING_HL7"/></extension><severity value="error"/><code value="required"/><details><text value="The ShareableValueSet profile says that the description element is mandatory, but it is not found. HL7 Published value sets SHALL conform to the ShareableValueSet profile"/></details><expression value="ValueSet/SEBaseSKRYrkeVS: ValueSet"/></issue></OperationOutcome></resource></entry><entry><resource><OperationOutcome><extension url="http://hl7.org/fhir/StructureDefinition/operationoutcome-file"><valueString value="/Users/petur/development/hl7se/basprofiler-r4/temp/hl7se.fhir.base#1.0.0/fsh-generated/resources/ValueSet-SEBaseSOSNYKVS"/></extension><issue><extension url="http://hl7.org/fhir/StructureDefinition/operationoutcome-issue-source"><valueCode value="InstanceValidator"/></extension><extension url="http://hl7.org/fhir/StructureDefinition/operationoutcome-message-id"><valueCode value="VALUESET_SHAREABLE_MISSING_HL7"/></extension><severity value="error"/><code value="required"/><details><text value="The ShareableValueSet profile says that the title element is mandatory, but it is not found. HL7 Published value sets SHALL conform to the ShareableValueSet profile"/></details><expression value="ValueSet/SEBaseSOSNYKVS: ValueSet"/></issue><issue><extension url="http://hl7.org/fhir/StructureDefinition/operationoutcome-issue-source"><valueCode value="InstanceValidator"/></extension><extension url="http://hl7.org/fhir/StructureDefinition/operationoutcome-message-id"><valueCode value="VALUESET_SHAREABLE_MISSING_HL7"/></extension><severity value="error"/><code value="required"/><details><text value="The ShareableValueSet profile says that the description element is mandatory, but it is not found. HL7 Published value sets SHALL conform to the ShareableValueSet profile"/></details><expression value="ValueSet/SEBaseSOSNYKVS: ValueSet"/></issue><issue><extension url="http://hl7.org/fhir/StructureDefinition/operationoutcome-issue-source"><valueCode value="TerminologyEngine"/></extension><severity value="warning"/><code value="exception"/><details><text value="Error from server: Unable to provide support for code system urn:oid:1.2.752.116.1.3.6"/></details><expression value="ValueSet.where(id = 'SEBaseSOSNYKVS')"/></issue></OperationOutcome></resource></entry><entry><resource><OperationOutcome><extension url="http://hl7.org/fhir/StructureDefinition/operationoutcome-file"><valueString value="/Users/petur/development/hl7se/basprofiler-r4/temp/hl7se.fhir.base#1.0.0/fsh-generated/resources/ValueSet-SecurityLabelVS"/></extension></OperationOutcome></resource></entry></Bundle>