{
  "package": "hl7se.fhir.base",
  "version": "1.0.0",
  "fhirVersion": "4.0.1",
  "extensions": [
    {
      "url": "http://hl7.se/fhir/ig/base/StructureDefinition/SEBaseAddressPersonExtension",
      "title": "SE extension for official address types",
      "types": [
        "CodeableConcept",
        "CodeableConcept"
      ]
    },
    {
      "url": "http://hl7.se/fhir/ig/base/StructureDefinition/SEBaseMiddleNameExtension",
      "title": "SE extension för mellannamn",
      "types": [
        "string"
      ]
    },
    {
      "url": "http://hl7.se/fhir/ig/base/StructureDefinition/SEBaseOwnFamilyExtension",
      "title": "SE extension för explicit efternamn",
      "types": [
        "string"
      ]
    }
  ],
  "profiles": {
    "Organization": [
      {
        "url": "http://hl7.se/fhir/ig/base/StructureDefinition/SEBaseOrganization",
        "title": "SE base profile for organization"
      }
    ],
    "Patient": [
      {
        "url": "http://hl7.se/fhir/ig/base/StructureDefinition/SEBasePatient",
        "title": "SE base profil for patient"
      }
    ],
    "Practitioner": [
      {
        "url": "http://hl7.se/fhir/ig/base/StructureDefinition/SEBasePractitioner",
        "title": "SE base profile for practitioner"
      }
    ],
    "PractitionerRole": [
      {
        "url": "http://hl7.se/fhir/ig/base/StructureDefinition/SEBasePractitionerRole",
        "title": "SE base profil for practitioner role"
      }
    ]
  },
  "usage": {
    "http://hl7.org/fhir/StructureDefinition/elementdefinition-bestpractice": [
      "StructureDefinition.snapshot.element.constraint"
    ],
    "http://hl7.org/fhir/StructureDefinition/elementdefinition-bestpractice-explanation": [
      "StructureDefinition.snapshot.element.constraint"
    ],
    "http://hl7.org/fhir/StructureDefinition/elementdefinition-bindingName": [
      "StructureDefinition.snapshot.element.binding"
    ],
    "http://hl7.org/fhir/StructureDefinition/elementdefinition-isCommonBinding": [
      "StructureDefinition.snapshot.element.binding"
    ],
    "http://hl7.org/fhir/StructureDefinition/elementdefinition-maxValueSet": [
      "StructureDefinition.snapshot.element.binding"
    ],
    "http://hl7.org/fhir/StructureDefinition/elementdefinition-translatable": [
      "StructureDefinition.snapshot.element"
    ],
    "http://hl7.org/fhir/StructureDefinition/iso21090-EN-qualifier": [
      "HumanName.given",
      "Patient.name.given",
      "Practitioner.name.given"
    ],
    "http://hl7.org/fhir/StructureDefinition/regex": [
      "StructureDefinition.snapshot.element.type"
    ],
    "http://hl7.org/fhir/StructureDefinition/structuredefinition-explicit-type-name": [
      "StructureDefinition.snapshot.element"
    ],
    "http://hl7.org/fhir/StructureDefinition/structuredefinition-fhir-type": [
      "StructureDefinition.snapshot.element.type"
    ],
    "http://hl7.org/fhir/StructureDefinition/structuredefinition-hierarchy": [
      "StructureDefinition.snapshot.element.type"
    ],
    "http://hl7.org/fhir/tools/StructureDefinition/ig-page-name": [
      "ImplementationGuide.definition.page",
      "ImplementationGuide.definition.page.page"
    ],
    "http://hl7.org/fhir/tools/StructureDefinition/ig-parameter": [
      "ImplementationGuide.definition"
    ],
    "http://hl7.org/fhir/tools/StructureDefinition/implementationguide-dependency-comment": [
      "ImplementationGuide.dependsOn"
    ],
    "http://hl7.org/fhir/tools/StructureDefinition/resource-information": [
      "ImplementationGuide.definition.resource"
    ],
    "http://hl7.se/fhir/ig/base/StructureDefinition/SEBaseAddressPersonExtension": [
      "Patient.address",
      "Practitioner.address"
    ],
    "http://hl7.se/fhir/ig/base/StructureDefinition/SEBaseMiddleNameExtension": [
      "HumanName",
      "Patient.name",
      "Practitioner.name"
    ],
    "http://hl7.se/fhir/ig/base/StructureDefinition/SEBaseOwnFamilyExtension": [
      "HumanName",
      "Patient.name",
      "Practitioner.name"
    ]
  }
}