<?xml version="1.0" encoding="UTF-8"?>

<ValueSet xmlns="http://hl7.org/fhir">
  <id value="SEBaseSKRYrkeVS"/>
  <text>
    <status value="generated"/><div xmlns="http://www.w3.org/1999/xhtml"><p>This value set includes codes based on the following rules:</p><ul><li>Include codes from <a href="http://www.snomed.org/"><code>http://snomed.info/sct</code></a> where concept  in  67031000052107 (Licensed occupations simple type reference set)</li><li>Include codes from <a href="http://www.snomed.org/"><code>http://snomed.info/sct</code></a> where concept  in  68591000052102 (Non-licensed occupations reference set (foundation metadata concept))</li></ul></div>
  </text>
  <url value="http://hl7.se/fhir/ig/base/ValueSet/SEBaseSKRYrkeVS"/>
  <version value="1.0.0"/>
  <name value="SEBaseSKRYrkeVS"/>
  <status value="draft"/>
  <experimental value="true"/>
  <date value="2023-03-08T16:20:30+01:00"/>
  <publisher value="HL7 Sweden"/>
  <contact>
    <name value="HL7 Sweden"/>
    <telecom>
      <system value="url"/>
      <value value="http://hl7.se/"/>
    </telecom>
    <telecom>
      <system value="email"/>
      <value value="info@hl7.se"/>
    </telecom>
  </contact>
  <compose>
    <include>
      <system value="http://snomed.info/sct"/>
      <version value="http://snomed.info/sct/45991000052106"/>
      <filter>
        <property value="concept"/>
        <op value="in"/>
        <value value="67031000052107"/>
      </filter>
    </include>
    <include>
      <system value="http://snomed.info/sct"/>
      <version value="http://snomed.info/sct/45991000052106"/>
      <filter>
        <property value="concept"/>
        <op value="in"/>
        <value value="68591000052102"/>
      </filter>
    </include>
  </compose>
</ValueSet>