{
  "resourceType": "ValueSet",
  "id": "SEBaseHSABefattningVS",
  "text": {
    "status": "generated",
    "div": "<div xmlns=\"http://www.w3.org/1999/xhtml\"><ul><li>Include all codes defined in <code>urn:oid:1.2.759.129.2.2.1.4</code></li></ul></div>"
  },
  "url": "http://hl7.se/fhir/ig/base/ValueSet/SEBaseHSABefattningVS",
  "version": "1.0.0",
  "name": "SEBaseHSABefattningVS",
  "status": "draft",
  "experimental": true,
  "date": "2023-03-08T16:20:30+01:00",
  "publisher": "HL7 Sweden",
  "contact": [
    {
      "name": "HL7 Sweden",
      "telecom": [
        {
          "system": "url",
          "value": "http://hl7.se/"
        },
        {
          "system": "email",
          "value": "info@hl7.se"
        }
      ]
    }
  ],
  "compose": {
    "include": [
      {
        "system": "urn:oid:1.2.759.129.2.2.1.4"
      }
    ]
  }
}