{
  "resourceType": "ValueSet",
  "id": "SEBaseSKRYrkeVS",
  "text": {
    "status": "generated",
    "div": "<div xmlns=\"http://www.w3.org/1999/xhtml\"><p>This value set includes codes based on the following rules:</p><ul><li>Include codes from <a href=\"http://www.snomed.org/\"><code>http://snomed.info/sct</code></a> where concept  in  67031000052107 (Licensed occupations simple type reference set)</li><li>Include codes from <a href=\"http://www.snomed.org/\"><code>http://snomed.info/sct</code></a> where concept  in  68591000052102 (Non-licensed occupations reference set (foundation metadata concept))</li></ul></div>"
  },
  "url": "http://hl7.se/fhir/ig/base/ValueSet/SEBaseSKRYrkeVS",
  "version": "1.0.0",
  "name": "SEBaseSKRYrkeVS",
  "status": "draft",
  "experimental": true,
  "date": "2023-03-08T16:20:30+01:00",
  "publisher": "HL7 Sweden",
  "contact": [
    {
      "name": "HL7 Sweden",
      "telecom": [
        {
          "system": "url",
          "value": "http://hl7.se/"
        },
        {
          "system": "email",
          "value": "info@hl7.se"
        }
      ]
    }
  ],
  "compose": {
    "include": [
      {
        "system": "http://snomed.info/sct",
        "version": "http://snomed.info/sct/45991000052106",
        "filter": [
          {
            "property": "concept",
            "op": "in",
            "value": "67031000052107"
          }
        ]
      },
      {
        "system": "http://snomed.info/sct",
        "version": "http://snomed.info/sct/45991000052106",
        "filter": [
          {
            "property": "concept",
            "op": "in",
            "value": "68591000052102"
          }
        ]
      }
    ]
  }
}