<?xml version="1.0" encoding="UTF-8"?>

<ValueSet xmlns="http://hl7.org/fhir">
  <id value="SEBaseHSABefattningVS"/>
  <text>
    <status value="generated"/><div xmlns="http://www.w3.org/1999/xhtml"><ul><li>Include all codes defined in <code>urn:oid:1.2.759.129.2.2.1.4</code></li></ul></div>
  </text>
  <url value="http://hl7.se/fhir/ig/base/ValueSet/SEBaseHSABefattningVS"/>
  <version value="1.0.0"/>
  <name value="SEBaseHSABefattningVS"/>
  <status value="draft"/>
  <experimental value="true"/>
  <date value="2023-03-08T16:20:30+01:00"/>
  <publisher value="HL7 Sweden"/>
  <contact>
    <name value="HL7 Sweden"/>
    <telecom>
      <system value="url"/>
      <value value="http://hl7.se/"/>
    </telecom>
    <telecom>
      <system value="email"/>
      <value value="info@hl7.se"/>
    </telecom>
  </contact>
  <compose>
    <include>
      <system value="urn:oid:1.2.759.129.2.2.1.4"/>
    </include>
  </compose>
</ValueSet>