<?xml version="1.0" encoding="UTF-8"?>

<ValueSet xmlns="http://hl7.org/fhir">
  <id value="SEBaseMaritalStatusVS"/>
  <text>
    <status value="generated"/><div xmlns="http://www.w3.org/1999/xhtml"><p>This value set includes codes based on the following rules:</p><ul><li>Include these codes as defined in <code>http://hl7.org/fhir/ValueSet/marital-status</code><table class="none"><tr><td style="white-space:nowrap"><b>Code</b></td><td><b>Display</b></td></tr><tr><td>M</td><td>Married</td></tr><tr><td>D</td><td>Divorced</td></tr><tr><td>W</td><td>Widowed</td></tr><tr><td>U</td><td>unmarried</td></tr></table></li><li>Include these codes as defined in <a href="CodeSystem-se-base-marital-status.html"><code>http://hl7.se/fhir/ig/base/CodeSystem/se-base-marital-status</code></a><table class="none"><tr><td style="white-space:nowrap"><b>Code</b></td><td><b>Display</b></td></tr><tr><td><a href="CodeSystem-se-base-marital-status.html#se-base-marital-status-RP">RP</a></td><td>Registrerad partner</td></tr><tr><td><a href="CodeSystem-se-base-marital-status.html#se-base-marital-status-SP">SP</a></td><td>Skild partner</td></tr><tr><td><a href="CodeSystem-se-base-marital-status.html#se-base-marital-status-EP">EP</a></td><td>Efterlevande partner</td></tr></table></li></ul></div>
  </text>
  <url value="http://hl7.se/fhir/ig/base/ValueSet/SEBaseMaritalStatusVS"/>
  <version value="1.0.0"/>
  <name value="SEBaseMaritalStatusVS"/>
  <title value="SE ValueSet for marital status"/>
  <status value="draft"/>
  <experimental value="true"/>
  <date value="2023-03-08T16:20:30+01:00"/>
  <publisher value="HL7 Sweden"/>
  <contact>
    <name value="HL7 Sweden"/>
    <telecom>
      <system value="url"/>
      <value value="http://hl7.se/"/>
    </telecom>
    <telecom>
      <system value="email"/>
      <value value="info@hl7.se"/>
    </telecom>
  </contact>
  <description value="This is a value set of marital status types that include both the HL7 official codesystem and the ones specific from the Swedish authorities."/>
  <compose>
    <include>
      <system value="http://hl7.org/fhir/ValueSet/marital-status"/>
      <concept>
        <code value="M"/>
        <display value="Married"/>
      </concept>
      <concept>
        <code value="D"/>
        <display value="Divorced"/>
      </concept>
      <concept>
        <code value="W"/>
        <display value="Widowed"/>
      </concept>
      <concept>
        <code value="U"/>
        <display value="unmarried"/>
      </concept>
    </include>
    <include>
      <system value="http://hl7.se/fhir/ig/base/CodeSystem/se-base-marital-status"/>
      <concept>
        <code value="RP"/>
        <display value="Registrerad partner"/>
      </concept>
      <concept>
        <code value="SP"/>
        <display value="Skild partner"/>
      </concept>
      <concept>
        <code value="EP"/>
        <display value="Efterlevande partner"/>
      </concept>
    </include>
  </compose>
</ValueSet>